(+)-(alphaS,betaS)-guaiacylglycerol-beta-guaiacylether	
(+)-(betaS)-MPHPV	COC1=CC=CC=C1OC(CO)C(=O)C2=CC(=C(C=C2)O)OC
(+)-epi-Isozizaene	CC1CCC2=C(C(C3CCC12C3)(C)C)C
(-)-(alphaS,betaR)-guaiacylglycerol-beta-guaiacylether	
(-)-(betaR)-MPHPV	COC1=CC=CC=C1OC(CO)C(=O)C2=CC(=C(C=C2)O)OC
(-)-Germacrene D	CC1=CCCC(=C)C=CC(CC1)C(C)C
(-)-Ureidoglycolate	C(C(=O)O)(NC(=O)N)O
(-)-dehydrodiconiferylacid	
(-)-dehydrodiconiferylaldehyde	
(1E,4S,5E,7R)-Germacra-1(10),5-dien-11-ol	CC1CCC=C(CCC(C=C1)C(C)(C)O)C
(25R)-3-oxocholest-4-en-26-oyl-CoA	CC(CCCC(C)C(=O)SCCNC(=O)CCNC(=O)C(C(C)(C)COP(=O)([O-])OP(=O)([O-])OCC1C(C(C(O1)N2C=NC3=C(N=CN=C32)N)O)OP(=O)([O-])[O-])O)C4CCC5C4(CCC6C5CCC7=CC(=O)CCC67C)C
(25S)-26-hydroxycholest-4-en-3-one	CC(CCCC(C)C1CCC2C1(CCC3C2CCC4=CC(=O)CCC34C)C)CO
(25S)-3-oxocholest-4-en-26-oyl-CoA	CC(CCCC(C)C(=O)SCCNC(=O)CCNC(=O)C(C(C)(C)COP(=O)(O)OP(=O)(O)OCC1C(C(C(O1)N2C=NC3=C(N=CN=C32)N)O)OP(=O)(O)O)O)C4CCC5C4(CCC6C5CCC7=CC(=O)CCC67C)C
(2E)-3-(5,6-dihydroxycyclohexa-1,3-dien-1-yl)prop-2-enoate	C1=CC(C(C(=C1)C=CC(=O)[O-])O)O
(2R)-ethylmalonyl-CoA	CCC(C(=O)O)C(=O)SCCNC(=O)CCNC(=O)C(C(C)(C)COP(=O)(O)OP(=O)(O)OCC1C(C(C(O1)N2C=NC3=C(N=CN=C32)N)O)OP(=O)(O)O)O
(2R,3S)-beta-methylmalyl-CoA	CC(C(C(=O)[O-])O)C(=O)SCCNC(=O)CCNC(=O)C(C(C)(C)COP(=O)([O-])OP(=O)([O-])OCC1C(C(C(O1)N2C=NC3=C(N=CN=C32)N)O)OP(=O)([O-])[O-])O
(2S)-2-Phospholactate	CC(C(=O)[O-])OP(=O)([O-])[O-]
(2S)-3-sulfolactate	C(C(C(=O)[O-])O)S(=O)(=O)[O-]
(2S)-3-sulfopropanediol	C(C(CS(=O)(=O)[O-])O)O
(2S)-Lactyl-2-diphospho-5'-guanosine	CC(C(=O)O)OP(=O)(O)OP(=O)(O)OCC1C(C(C(O1)N2C=NC3=C2N=C(NC3=O)N)O)O
(2S)-ethylmalonyl-CoA	CCC(C(=O)O)C(=O)SCCNC(=O)CCNC(=O)C(C(C)(C)COP(=O)(O)OP(=O)(O)OCC1C(C(C(O1)N2C=NC3=C(N=CN=C32)N)O)OP(=O)(O)O)O
(2S)-methylsuccinyl-CoA	CC(CC(=O)O)C(=O)SCCNC(=O)CCNC(=O)C(C(C)(C)COP(=O)(O)OP(=O)(O)OCC1C(C(C(O1)N2C=NC3=C(N=CN=C32)N)O)OP(=O)(O)O)O
(2S,3R)-3-Hydroxybutane-1,2,3-tricarboxylate	CC(C(CC(=O)[O-])C(=O)[O-])(C(=O)[O-])O
(2S,3S)-2,3-Dihydro-2,3-dihydroxybenzoate	C1=CC(C(C(=C1)C(=O)O)O)O
(2Z,4E)-2-amino-6-oxohexa-2,4-dienoate	C(=CC=O)C=C(C(=O)O)N
(2Z,4E)-2-aminomuconate	C(=CC(=O)O)C=C(C(=O)[O-])N
(2Z,4E)-2-hydroxy-6-oxohexa-2,4-dienoate	C(=CC(=O)C(=O)O)C=C[O-]
(2Z,4E)-2-hydroxyhexa-2,4-dienedioate	C(=CC(=O)O)C=C(C(=O)[O-])[O-]
(2Z,4Z)-2-hydroxyhepta-2,4-dienedioate	C(C=CC=C(C(=O)O)[O-])C(=O)[O-]
(2Z,6E)-farnesyldiphosphate	
(3E,5R)-5-carboxy-2-oxohept-3-enedioate	C(C(C=CC(=O)C(=O)[O-])C(=O)[O-])C(=O)[O-]
(3R)-3-Hydroxy-4-oxobutanoate	C(C(C=O)O)C(=O)[O-]
(3R)-3-Hydroxybutanoyl-[acyl-carrier protein]	
(3S)-3-Hydroxyadipyl-CoA	CC(C)(COP(=O)(O)OP(=O)(O)OCC1C(C(C(O1)N2C=NC3=C(N=CN=C32)N)O)OP(=O)(O)O)C(C(=O)NCCC(=O)NCCSC(=O)CC(CCC(=O)O)O)O
(3S,4R)-4-(hydroxymethyl)-3-(6-methyloctanoyl)dihydrofuran-2(3H)-one	
(3S,4R)-4-(hydroxymethyl)-3-octanoyldihydrofuran-2(3H)-one	
(4Z)-2-oxohept-4-enedioate	C(C=CCC(=O)[O-])C(=O)C(=O)[O-]
(5R)-Albaflavenol	CC1CC(C2=C(C(C3CCC12C3)(C)C)C)O
(5S)-Albaflavenol	CC1CC(C2=C(C(C3CCC12C3)(C)C)C)O
(5S,6S)-6-Amino-5-hydroxycyclohexa-1,3-diene-1-carboxylate	C1=CC(C(C(=C1)C(=O)[O-])[NH3+])O
(8S,9S,10S)-8,10-dimethyl-1-octalin	CC1CCCC2(C1C=CCC2)C
(E)-2-benzylidenesuccinyl-CoA	CC(C)(COP(=O)(O)OP(=O)(O)OCC1C(C(C(O1)N2C=NC3=C(N=CN=C32)N)O)OP(=O)(O)O)C(C(=O)NCCC(=O)NCCSC(=O)C(=CC4=CC=CC=C4)CC(=O)O)O
(R)-2,3-Dihydroxy-3-methylbutanoate	CC(C)(C(C(=O)[O-])O)O
(R)-2,3-Dihydroxy-3-methylpentanoate	CCC(C)(C(C(=O)O)O)O
(R)-2-Methylmalate	CC(CC(=O)[O-])(C(=O)[O-])O
(R)-3-Hydroxy-3-methyl-2-oxopentanoate	CCC(C)(C(=O)C(=O)[O-])O
(R)-3-Hydroxyante-isoheptadecanoyl-[acyl-carrier protein]	
(R)-3-Hydroxyante-isoheptanoyl-[acyl-carrier protein]	
(R)-3-Hydroxyante-isononanoyl-[acyl-carrier protein]	
(R)-3-Hydroxyante-isopentadecanoyl-[acyl-carrier protein]	
(R)-3-Hydroxyante-isotridecanoyl-[acyl-carrier protein]	
(R)-3-Hydroxyante-isoundecanoyl-[acyl-carrier protein]	
(R)-3-Hydroxybutanoate	CC(CC(=O)O)O
(R)-3-Hydroxybutanoyl-CoA	CC(CC(=O)SCCNC(=O)CCNC(=O)C(C(C)(C)COP(=O)(O)OP(=O)(O)OCC1C(C(C(O1)N2C=NC3=C(N=CN=C32)N)O)OP(=O)(O)O)O)O
(R)-3-Hydroxydecanoyl-[acyl-carrier protein]	
(R)-3-Hydroxydodecanoyl-[acyl-carrier protein]	
(R)-3-Hydroxyheptadecanoyl-[acyl-carrier protein]	
(R)-3-Hydroxyheptanoyl-[acyl-carrier protein]	
(R)-3-Hydroxyhexanoyl-[acyl-carrier protein]	
(R)-3-Hydroxyisodecanoyl-[acyl-carrier protein]	
(R)-3-Hydroxyisododecanoyl-[acyl-carrier protein]	
(R)-3-Hydroxyisoheptadecanoyl-[acyl-carrier protein]	
(R)-3-Hydroxyisoheptanoyl-[acyl-carrier protein]	
(R)-3-Hydroxyisohexanoyl-[acyl-carrier protein]	
(R)-3-Hydroxyisononanoyl-[acyl-carrier protein]	
(R)-3-Hydroxyisooctadecanoyl-[acyl-carrier protein]	
(R)-3-Hydroxyisooctanoyl-[acyl-carrier protein]	
(R)-3-Hydroxyisopentadecanoyl-[acyl-carrier protein]	
(R)-3-Hydroxyisotetradecanoyl-[acyl-carrier protein]	
(R)-3-Hydroxyisotridecanoyl-[acyl-carrier protein]	
(R)-3-Hydroxyisoundecanoyl-[acyl-carrier protein]	
(R)-3-Hydroxynonanoyl-[acyl-carrier protein]	
(R)-3-Hydroxyoctadecanoyl-[acyl-carrier protein]	
(R)-3-Hydroxyoctanoyl-[acyl-carrier protein]	
(R)-3-Hydroxypentadecanoyl-[acyl-carrier protein]	
(R)-3-Hydroxypentanoyl-[acyl-carrier protein]	
(R)-3-Hydroxytetradecanoyl-[acyl-carrier protein]	
(R)-3-Hydroxytridecanoyl-[acyl-carrier protein]	
(R)-3-Hydroxyundecanoyl-[acyl-carrier protein]	
(R)-3-amino-2-methylpropanoate	CC(CN)C(=O)O
(R)-3-hydroxy-cis-dodec-5-enoyl-[acyl-carrier protein]	
(R)-3-hydroxy-cis-myristol-7-eoyl-[acyl-carrier protein]	
(R)-3-hydroxy-cis-palm-9-eoyl-[acyl-carrier protein]	
(R)-3-hydroxy-cis-vacc-11-enoyl-[acyl-carrier protein]	
(R)-3-ureido-isobutanoate	CC(CNC(=O)N)C(=O)[O-]
(R)-Glycerate	C(C(C(=O)O)O)O
(R)-Methylmalonyl-CoA	CC(C(=O)O)C(=O)SCCNC(=O)CCNC(=O)C(C(C)(C)COP(=O)(O)OP(=O)(O)OCC1C(C(C(O1)N2C=NC3=C(N=CN=C32)N)O)OP(=O)(O)O)O
(R)-NADHX	C1CC(=CN(C1O)C2C(C(C(O2)COP(=O)(O)OP(=O)(O)OCC3C(C(C(O3)N4C=NC5=C(N=CN=C54)N)O)O)O)O)C(=O)N
(R)-NADPHX	C1CC(=CN(C1O)C2C(C(C(O2)COP(=O)(O)OP(=O)(O)OCC3C(C(C(O3)N4C=NC5=C(N=CN=C54)N)OP(=O)(O)O)O)O)O)C(=O)N
(R)-Pantoate	CC(C)(CO)C(C(=O)[O-])O
(R)-Pantothenate	CC(C)(CO)C(C(=O)NCCC(=O)O)O
(R)-S-lactoylglutathione	CC(C(=O)SCC(C(=O)NCC(=O)O)NC(=O)CCC(C(=O)O)N)O
(R)-benzylsuccinyl-CoA	CC(C)(COP(=O)(O)OP(=O)(O)OCC1C(C(C(O1)N2C=NC3=C(N=CN=C32)N)O)OP(=O)(O)O)C(C(=O)NCCC(=O)NCCSC(=O)CC(CC4=CC=CC=C4)C(=O)O)O
(R)-lactaldehyde	CC(C=O)O
(S)-2-Aceto-2-hydroxybutanoate	CCC(C(=O)C)(C(=O)O)O
(S)-2-Acetolactate	CC(=O)C(C)(C(=O)O)O
(S)-2-Aminobutanoate	CCC(C(=O)O)N
(S)-2-[5-Amino-1-(5-phospho-D-ribosyl)imidazole-4-carboxamido]succinate	C1=NC(=C(N1C2C(C(C(O2)COP(=O)(O)O)O)O)N)C(=O)NC(CC(=O)O)C(=O)O
(S)-2-chloropropanoate	CC(C(=O)[O-])Cl
(S)-3-Hydroxy-2-methylbutyryl-CoA	CC(C(C)O)C(=O)SCCNC(=O)CCNC(=O)C(C(C)(C)COP(=O)(O)OP(=O)(O)OCC1C(C(C(O1)N2C=NC3=C(N=CN=C32)N)O)OP(=O)(O)O)O
(S)-3-Hydroxybutanoyl-CoA	CC(CC(=O)SCCNC(=O)CCNC(=O)C(C(C)(C)COP(=O)(O)OP(=O)(O)OCC1C(C(C(O1)N2C=NC3=C(N=CN=C32)N)O)OP(=O)(O)O)O)O
(S)-3-Hydroxydecanoyl-CoA	CCCCCCCC(CC(=O)SCCNC(=O)CCNC(=O)C(C(C)(C)COP(=O)(O)OP(=O)(O)OCC1C(C(C(O1)N2C=NC3=C(N=CN=C32)N)O)OP(=O)(O)O)O)O
(S)-3-Hydroxydodecanoyl-CoA	CCCCCCCCCC(CC(=O)SCCNC(=O)CCNC(=O)C(C(C)(C)COP(=O)(O)OP(=O)(O)OCC1C(C(C(O1)N2C=NC3=C(N=CN=C32)N)O)OP(=O)(O)O)O)O
(S)-3-Hydroxyhexadecanoyl-CoA	CCCCCCCCCCCCCC(CC(=O)SCCNC(=O)CCNC(=O)C(C(C)(C)COP(=O)(O)OP(=O)(O)OCC1C(C(C(O1)N2C=NC3=C(N=CN=C32)N)O)OP(=O)(O)O)O)O
(S)-3-Hydroxyhexanoyl-CoA	CCCC(CC(=O)SCCNC(=O)CCNC(=O)C(C(C)(C)COP(=O)(O)OP(=O)(O)OCC1C(C(C(O1)N2C=NC3=C(N=CN=C32)N)O)OP(=O)(O)O)O)O
(S)-3-Hydroxyisobutyrate	CC(CO)C(=O)[O-]
(S)-3-Hydroxyisobutyryl-CoA	CC(CO)C(=O)SCCNC(=O)CCNC(=O)C(C(C)(C)COP(=O)(O)OP(=O)(O)OCC1C(C(C(O1)N2C=NC3=C(N=CN=C32)N)O)OP(=O)(O)O)O
(S)-3-Hydroxyoctadecanoyl-CoA	CCCCCCCCCCCCCCCC(CC(=O)SCCNC(=O)CCNC(=O)C(C(C)(C)COP(=O)(O)OP(=O)(O)OCC1C(C(C(O1)N2C=NC3=C(N=CN=C32)N)O)OP(=O)(O)O)O)O
(S)-3-Hydroxyoctanoyl-CoA	CCCCCC(CC(=O)SCCNC(=O)CCNC(=O)C(C(C)(C)COP(=O)(O)OP(=O)(O)OCC1C(C(C(O1)N2C=NC3=C(N=CN=C32)N)O)OP(=O)(O)O)O)O
(S)-3-Hydroxytetradecanoyl-CoA	CCCCCCCCCCCC(CC(=O)SCCNC(=O)CCNC(=O)C(C(C)(C)COP(=O)(O)OP(=O)(O)OCC1C(C(C(O1)N2C=NC3=C(N=CN=C32)N)O)OP(=O)(O)O)O)O
(S)-3-Methyl-2-oxopentanoate	CCC(C)C(=O)C(=O)O
(S)-3-aminobutanoyl-CoA	CC(CC(=O)SCCNC(=O)CCNC(=O)C(C(C)(C)COP(=O)([O-])OP(=O)([O-])OCC1C(C(C(O1)N2C=NC3=C(N=CN=C32)N)O)OP(=O)([O-])[O-])O)[NH3+]
(S)-5-amino-3-oxohexanoate	CC(CC(=O)CC(=O)O)N
(S)-DNPA	CC1=C2C(=CC3=C(C2=O)C(=CC=C3)O)CC(O1)CC(=O)O
(S)-Dihydroorotate	C1C(NC(=O)NC1=O)C(=O)O
(S)-Methylmalonate semialdehyde	CC(C=O)C(=O)O
(S)-Methylmalonyl-CoA	CC(C(=O)O)C(=O)SCCNC(=O)CCNC(=O)C(C(C)(C)COP(=O)(O)OP(=O)(O)OCC1C(C(C(O1)N2C=NC3=C(N=CN=C32)N)O)OP(=O)(O)O)O
(S)-NADHX	C1CC(=CN(C1O)C2C(C(C(O2)COP(=O)(O)OP(=O)(O)OCC3C(C(C(O3)N4C=NC5=C(N=CN=C54)N)O)O)O)O)C(=O)N
(S)-NADPHX	C1CC(=CN(C1O)C2C(C(C(O2)COP(=O)(O)OP(=O)(O)OCC3C(C(C(O3)N4C=NC5=C(N=CN=C54)N)OP(=O)(O)O)O)O)O)C(=O)N
(S)-Ureidoglycine	C(C(=O)O)(N)NC(=O)N
(S)-malyl-CoA	CC(C)(COP(=O)([O-])OP(=O)([O-])OCC1C(C(C(O1)N2C=NC3=C(N=CN=C32)N)O)OP(=O)([O-])[O-])C(C(=O)NCCC(=O)NCCSC(=O)CC(C(=O)[O-])O)O
(S)-nicotine	CN1CCCC1C2=CN=CC=C2
(Z)-But-2-ene-1,2,3-tricarboxylate	CC(=C(CC(=O)[O-])C(=O)[O-])C(=O)[O-]
(indol-3-yl)pyruvate	C1=CC=C2C(=C1)C(=CN2)CC(=O)C(=O)O
1,2-Diacyl-sn-glycerol (diante-isoheptadecanoyl, ante-iso-C17:0)	
1,2-Diacyl-sn-glycerol (diante-isopentadecanoyl, ante-iso-C15:0)	
1,2-Diacyl-sn-glycerol (didodecanoyl, n-C12:0)	
1,2-Diacyl-sn-glycerol (dihexadec-9-enoyl, n-C16:1)	
1,2-Diacyl-sn-glycerol (dihexadecanoyl, n-C16:0)	
1,2-Diacyl-sn-glycerol (diisoheptadecanoyl, iso-C17:0)	
1,2-Diacyl-sn-glycerol (diisohexadecanoyl, iso-C16:0)	
1,2-Diacyl-sn-glycerol (diisopentadecanoyl, iso-C15:0)	
1,2-Diacyl-sn-glycerol (diisotetradecanoyl, iso-C14:0)	
1,2-Diacyl-sn-glycerol (dipentadecanoyl, n-C15:0)	
1,2-Diacyl-sn-glycerol (ditetradecanoyl, n-C14:0)	
1,2-diante-isoheptadecanoyl-sn-glycerol 3-phosphate	
1,2-diante-isopentadecanoyl-sn-glycerol 3-phosphate	
1,2-didodecanoyl-sn-glycerol 3-phosphate	
1,2-diheptadecanoyl-sn-glycerol 3-phosphate	
1,2-dihexadec-9-enoyl-sn-glycerol 3-phosphate	
1,2-dihexadecanoyl-sn-glycerol 3-phosphate	
1,2-diisoheptadecanoyl-sn-glycerol 3-phosphate	
1,2-diisohexadecanoyl-sn-glycerol 3-phosphate	
1,2-diisooctadecanoyl-sn-glycerol 3-phosphate	
1,2-diisopentadecanoyl-sn-glycerol 3-phosphate	
1,2-diisotetradecanoyl-sn-glycerol 3-phosphate	
1,2-dioctadec-11-enoyl-sn-glycerol 3-phosphate	
1,2-dioctadecanoyl-sn-glycerol 3-phosphate	
1,2-dipentadecanoyl-sn-glycerol 3-phosphate	
1,2-ditetradec-7-enoyl-sn-glycerol 3-phosphate	
1,2-ditetradecanoyl-sn-glycerol 3-phosphate	CCCCCCCCCCCCCC(=O)OCC(COP(=O)([O-])[O-])OC(=O)CCCCCCCCCCCCC
1,3,6,8-naphthalenetetrol	C1=C2C=C(C=C(C2=C(C=C1O)O)O)O
1,4-Dihydroxy-2-naphthoate	C1=CC=C2C(=C1)C(=CC(=C2O)C(=O)O)O
1,4-Dihydroxy-6-naphthoate	C1=CC2=C(C=CC(=C2C=C1C(=O)O)[O-])O
1,4-alpha-D-glucan	C(C1C(C(C(C(O1)O)O)O)O)O
1,5-Diaminopentane	C(CCN)CCN
1,6-anhydrous-N-Acetylmuramyl-tetrapeptide	CC(C(=O)NC(CCC(=O)O)C(=O)NC(CCCC(C(=O)O)N)C(=O)NC(C)C(=O)O)NC(=O)C(C)OC1C(COC(C1O)CO)NC(=O)C
1,6-anhydrous-N-Acetylmuramyl-tripeptide	CC(C(=O)NC(CCC(=O)O)C(=O)NC(CCCC(C(=O)O)N)C(=O)O)NC(=O)C(C)OC1C(COC(C1O)CO)NC(=O)C
1-(2-Carboxyphenylamino)-1-deoxy-D-ribulose 5-phosphate	C1=CC=C(C(=C1)C(=O)O)NCC(=O)C(C(COP(=O)(O)O)O)O
1-(5-Phosphoribosyl)-5-[(5-phosphoribosylamino)methylideneamino]imidazole-4-carboxamide	C1=NC(=C(N1C2C(C(C(O2)COP(=O)(O)O)O)O)NC=NC3C(C(C(O3)COP(=O)(O)O)O)O)C(=O)N
1-(5-Phosphoribosyl)-AMP	C1=NC2=C(N1C3C(C(C(O3)COP(=O)(O)O)O)O)N=CN(C2=N)C4C(C(C(O4)COP(=O)(O)O)O)O
1-(5-Phosphoribosyl)-ATP	C1=NC2=C(N1C3C(C(C(O3)COP(=O)(O)OP(=O)(O)OP(=O)(O)O)O)O)N=CN(C2=N)C4C(C(C(O4)COP(=O)(O)O)O)O
1-Aminopropan-2-ol	CC(CN)O
1-O-(2-Amino-2-deoxy-alpha-D-glucopyranosyl)-1D-myo-inositol	C(C1C(C(C(C(O1)OC2C(C(C(C(C2O)O)O)O)O)N)O)O)O
1-O-[2-(Acetylamino)-2-deoxy-alpha-D-glucopyranosyl]-D-myo-Inositol	CC(=O)NC1C(C(C(OC1OC2C(C(C(C(C2O)O)O)O)O)CO)O)O
1-O-[2-(L-Cysteinamido)-2-deoxy-alpha-D-glucopyranosyl]-1D-myo-inositol	C(C1C(C(C(C(O1)OC2C(C(C(C(C2O)O)O)O)O)NC(=O)C(CS)N)O)O)O
1-Pyrroline	C1CC=NC1
1-Pyrroline-5-carboxylate	C1CC(N=C1)C(=O)O
1-alpha-D-Galactosyl-myo-inositol	C(C1C(C(C(C(O1)OC2C(C(C(C(C2O)O)O)O)O)O)O)O)O
1-aminocyclopropane-1-carboxylate	C1CC1(C(=O)[O-])N
1-ante-isoheptadecanoyl-sn-glycerol 3-phosphate	
1-ante-isopentadecanoyl-sn-glycerol 3-phosphate	
1-deoxy-11-oxopentalenate	CC1C(=O)CC2C13CC(CC3C=C2C(=O)[O-])(C)C
1-deoxy-D-xylulose	CC(=O)C(C(CO)O)O
1-deoxy-D-xylulose 5-phosphate	CC(=O)C(C(COP(=O)(O)O)O)O
1-dodecanoyl-sn-glycerol 3-phosphate	CCCCCCCCCCCC(=O)OCC(COP(=O)(O)O)O
1-heptadecanoyl-sn-glycerol 3-phosphate	
1-hexadec-9-enoyl-sn-glycerol 3-phosphate	
1-hexadecanoyl-sn-glycerol 3-phosphate	
1-hydroxy-2-methyl-2-(E)-butenyl 4-diphosphate	CC(=CCOP(=O)([O-])OP(=O)([O-])[O-])CO
1-hydroxy-2-oxo-3-sulfopropane	C(C(=O)CS(=O)(=O)[O-])O
1-isoheptadecanoyl-sn-glycerol 3-phosphate	
1-isohexadecanoyl-sn-glycerol 3-phosphate	
1-isooctadecanoyl-sn-glycerol 3-phosphate	
1-isopentadecanoyl-sn-glycerol 3-phosphate	
1-isotetradecanoyl-sn-glycerol 3-phosphate	
1-octadec-11-enoyl-sn-glycerol 3-phosphate	
1-octadecanoyl-sn-glycerol 3-phosphate	CCCCCCCCCCCCCCCCCC(=O)OCC(COP(=O)([O-])[O-])O
1-pentadecanoyl-sn-glycerol 3-phosphate	
1-pyrroline-2-carboxylate	C1CC(=NC1)C(=O)O
1-pyrroline-4-hydroxy-2-carboxylate	C1C(CN=C1C(=O)O)O
1-tetradec-7-enoyl-sn-glycerol 3-phosphate	
1-tetradecanoyl-sn-glycerol 3-phosphate	CCCCCCCCCCCCCC(=O)OCC(COP(=O)(O)O)O
10-Formyltetrahydrofolate	C1C(NC2=C(N1)N=C(NC2=O)N)CN(C=O)C3=CC=C(C=C3)C(=O)NC(CCC(=O)O)C(=O)O
12-DIACYL-3-O-ALPHA-D-GLUCOPYRANOSYL	
13-O-deacetyl-paulomycin E	
15-cis-phytoene	CC(=CCCC(=CCCC(=CCCC(=CC=CC=C(C)CCC=C(C)CCC=C(C)CCC=C(C)C)C)C)C)C
1D-myo-Inositol 1-phosphate	C1(C(C(C(C(C1O)O)OP(=O)(O)O)O)O)O
1L-myo-Inositol 1-phosphate	C1(C(C(C(C(C1O)O)OP(=O)(O)O)O)O)O
2',3'-Cyclic AMP	C1=NC(=C2C(=N1)N(C=N2)C3C4C(C(O3)CO)OP(=O)(O4)O)N
2',3'-Cyclic CMP	C1=CN(C(=O)N=C1N)C2C3C(C(O2)CO)OP(=O)(O3)[O-]
2',3'-Cyclic GMP	C1=NC2=C(N1C3C4C(C(O3)CO)OP(=O)(O4)O)N=C(NC2=O)N
2',3'-Cyclic UMP	C1=CN(C(=O)NC1=O)C2C3C(C(O2)CO)OP(=O)(O3)O
2,3,4,5-Tetrahydrodipicolinate	C1CC(N=C(C1)C(=O)O)C(=O)O
2,3,5,6-tetrachloro-1,4-benzoquinone	C1(=C(C(=O)C(=C(C1=O)Cl)Cl)Cl)Cl
2,3,5,6-tetrachlorohydroquinone	C1(=C(C(=C(C(=C1Cl)Cl)O)Cl)Cl)O
2,3-Dihydrodipicolinate	C1C=CC(=NC1C(=O)O)C(=O)O
2,3-Dihydroxybenzoate	C1=CC(=C(C(=C1)O)[O-])C(=O)O
2,3-dehydroadipyl-CoA	CC(C)(COP(=O)(O)OP(=O)(O)OCC1C(C(C(O1)N2C=NC3=C(N=CN=C32)N)O)OP(=O)(O)O)C(C(=O)NCCC(=O)NCCSC(=O)C=CCCC(=O)O)O
2,3-dihydroxy-trans-cinnamate	C1=CC(=C(C(=C1)O)[O-])C=CC(=O)O
2,4-Hexadienoyl-ACP (n-C6:2ACP)	
2,4-dichlorophenol	C1=CC(=C(C=C1Cl)Cl)O
2,4-didehydro-3-deoxy-L-rhamnonate	CC(C(=O)CC(=O)C(=O)[O-])O
2,4-dihydroxy-5-methyl-6-oxohexa-2,4-dienoate	CC(=C[O-])C(=CC(=O)C(=O)O)O
2,5-Diamino-6-(5'-triphosphoryl-3',4'-trihydroxy-2'-oxopentyl)- amino-4-oxopyrimidine	
2,5-Diamino-6-(ribosylamino)-4-(3H)-pyrimidinone 5'-phosphate	C(C1C(C(C(O1)NC2=C(C(=O)NC(=N2)N)N)O)O)OP(=O)([O-])[O-]
2,5-Diaminopyrimidine nucleoside triphosphate	C(C1C(C(C(O1)NC2=C(C(=O)NC(=N2)N)N)O)O)OP(=O)(O)OP(=O)(O)OP(=O)(O)O
2,5-Dioxopentanoate	C(CC(=O)C(=O)[O-])C=O
2,5-dichloro-2,5-cyclohexadiene-1,4-diol	C1=C(C(C=C(C1O)Cl)O)Cl
2,5-dichloro-p-quinol	C1=C(C(=CC(=C1Cl)O)Cl)O
2-(Formamido)-N1-(5-phospho-D-ribosyl)acetamidine	C(C1C(C(C(O1)N=C(CNC=O)N)O)O)OP(=O)(O)O
2-(Hydroxymethyl)phenol	C1=CC=C(C(=C1)CO)O
2-(alpha-Hydroxyethyl)thiamine diphosphate	CC1=C(SC(=[N+]1CC2=CN=C(N=C2N)C)C(C)O)CCOP(=O)(O)OP(=O)(O)O
2-Amino-2-deoxyisochorismate	C=C(C(=O)O)OC1C=CC=C(C1N)C(=O)O
2-Amino-4-hydroxy-6-(erythro-1,2,3-trihydroxypropyl)dihydropteridine triphosphate	C1C(=NC2=C(N1)N=C(NC2=O)N)C(C(COP(=O)([O-])OP(=O)([O-])OP(=O)([O-])[O-])O)O
2-Amino-5-formylamino-6-(5-phospho-D-ribosylamino)pyrimidin-4(3H)-one	C(C1C(C(C(O1)NC2=C(C(=O)NC(=N2)N)NC=O)O)O)OP(=O)(O)O
2-C-methyl-D-erythritol 2,4-cyclodiphosphate	CC1(C(COP(=O)(OP(=O)(O1)O)O)O)CO
2-C-methyl-D-erythritol 4-phosphate	CC(CO)(C(COP(=O)(O)O)O)O
2-Dehydro-3-deoxy-D-arabino-heptonate 7-phosphate	C(C(C(C(COP(=O)(O)O)O)O)O)C(=O)C(=O)O
2-Dehydro-3-deoxy-D-galactonate	C(C(C(CO)O)O)C(=O)C(=O)O
2-Dehydro-3-deoxy-D-gluconate	C(C(C(CO)O)O)C(=O)C(=O)[O-]
2-Dehydro-3-deoxy-D-gluconate 6-phosphate	C(C(C(COP(=O)(O)O)O)O)C(=O)C(=O)O
2-Dehydropantoate	CC(C)(CO)C(=O)C(=O)O
2-Demethylmenaquinone	
2-Deoxy-5-keto-D-gluconic acid	C(C(C(C(=O)CO)O)O)C(=O)O
2-Deoxy-D-ribose 1-phosphate	C1C(C(OC1OP(=O)(O)O)CO)O
2-Deoxy-D-ribose 5-phosphate	
2-Hydroxy-2,4-pentadienoate	C=CC=C(C(=O)O)[O-]
2-Hydroxy-3-oxopropanoate	C(=O)C(C(=O)[O-])O
2-Hydroxy-5-methyl-cis,cis-muconate	CC(=CC=C(C(=O)O)O)C(=O)O
2-Hydroxy-6-ketononatrienedioate	C(=CC(=O)C=CC(=O)O)C=C(C(=O)O)O
2-Hydroxy-6-oxonona-2,4-diene-1,9-dioate	C(CC(=O)O)C(=O)C=CC=C(C(=O)O)O
2-Inosose	C1(C(C(C(=O)C(C1O)O)O)O)O
2-Isopropylmaleate	CC(C)C(=CC(=O)O)C(=O)O
2-Methyl-3-acetoacetyl-CoA	CC(C(=O)C)C(=O)SCCNC(=O)CCNC(=O)C(C(C)(C)COP(=O)(O)OP(=O)(O)OCC1C(C(C(O1)N2C=NC3=C(N=CN=C32)N)O)OP(=O)(O)O)O
2-Methyl-4-amino-5-hydroxymethylpyrimidine diphosphate	CC1=NC=C(C(=N1)N)COP(=O)(O)OP(=O)(O)O
2-Methylbutanoyl-CoA	CCC(C)C(=O)SCCNC(=O)CCNC(=O)C(C(C)(C)COP(=O)(O)OP(=O)(O)OCC1C(C(C(O1)N2C=NC3=C(N=CN=C32)N)O)OP(=O)(O)O)O
2-Methylcitrate	CC(C(=O)O)C(CC(=O)O)(C(=O)O)O
2-Methylmaleate	CC(=CC(=O)O)C(=O)O
2-Methylprop-2-enoyl-CoA	CC(=C)C(=O)SCCNC(=O)CCNC(=O)C(C(C)(C)COP(=O)(O)OP(=O)(O)OCC1C(C(C(O1)N2C=NC3=C(N=CN=C32)N)O)OP(=O)(O)O)O
2-Oxo-3-hydroxy-4-phosphobutanoate	C(C(C(=O)C(=O)O)O)OP(=O)(O)O
2-Oxo-5-methyl-cis-muconate	CC(C=CC(=O)C(=O)O)C(=O)O
2-Oxoadipate	C(CC(=O)C(=O)O)CC(=O)O
2-Oxobutanoate	CCC(=O)C(=O)[O-]
2-Oxoglutarate	C(CC(=O)O)C(=O)C(=O)O
2-Phenylacetamide	C1=CC=C(C=C1)CC(=O)N
2-Succinyl-5-enolpyruvyl-6-hydroxy-3-cyclohexene-1-carboxylate	C=C(C(=O)O)OC1C=CC(C(C1O)C(=O)O)C(=O)CCC(=O)O
2-amino-5-oxocyclohex-1-enecarboxyl-CoA	CC(C)(COP(=O)(O)OP(=O)(O)OCC1C(C(C(O1)N2C=NC3=C(N=CN=C32)N)O)OP(=O)(O)O)C(C(=O)NCCC(=O)NCCSC(=O)C4=C(CCC(=O)C4)N)O
2-aminoprop-2-enoate	C=C(C(=O)O)N
2-carboxy-3-amino-1,4-dihydroquinone	
2-carboxy-3-amino-6-hydroxy-1,4-dihydroquinone	
2-carboxy-3-amino-6-hydroxy-1,4-dihydroquinone, 6-allose	
2-carboxymethyl-3-hydroxyphenylpropanoyl-CoA	CC(C)(COP(=O)([O-])OP(=O)([O-])OCC1C(C(C(O1)N2C=NC3=C(N=CN=C32)N)O)OP(=O)([O-])[O-])C(C(=O)NCCC(=O)NCCSC(=O)C(CC(=O)[O-])C(C4=CC=CC=C4)O)O
2-chloroacrylate	C=C(C(=O)[O-])Cl
2-dehydro-3-deoxy-D-galactonate6-phosphate	C(C(C(COP(=O)(O)O)O)O)C(=O)C(=O)O
2-dehydro-3-deoxy-L-galactonate	C(C(C(CO)O)O)C(=O)C(=O)[O-]
2-dehydro-3-deoxy-L-rhamnonate	CC(C(CC(=O)C(=O)O)O)O
2-dehydro-6-phospho-D-gluconate	C(C(C(C(C(=O)C(=O)[O-])O)O)O)OP(=O)([O-])[O-]
2-hydroxy-5-carboxymethylmuconatesemialdehyde	
2-keto-D-gluconate	C(C(C(C(C(=O)C(=O)O)O)O)O)O
2-methylfumaryl-CoA	CC(=CC(=O)[O-])C(=O)SCCNC(=O)CCNC(=O)C(C(C)(C)COP(=O)([O-])OP(=O)([O-])OCC1C(C(C(O1)N2C=NC3=C(N=CN=C32)N)O)OP(=O)([O-])[O-])O
2-octaprenylphenol	CC(=CCCC(=CCCC(=CCCC(=CCCC(=CCCC(=CCCC(=CCCC(=CCC1=CC=CC=C1O)C)C)C)C)C)C)C)C
2-oxepin-2(3H)-ylideneacetyl-CoA	CC(C)(COP(=O)(O)OP(=O)(O)OCC1C(C(C(O1)N2C=NC3=C(N=CN=C32)N)O)OP(=O)(O)O)C(C(=O)NCCC(=O)NCCSC(=O)C=C4CC=CC=CO4)O
2-oxoethylphosphonate	C(C=O)P(=O)(O)O
2-oxoglutaramate	C(CC(=O)N)C(=O)C(=O)O
2-phospho-4-(cytidine 5'-diphospho)-2-C-methyl-D-erythritol	CC(CO)(C(COP(=O)(O)OP(=O)(O)OCC1C(C(C(O1)N2C=CC(=NC2=O)N)O)O)O)OP(=O)(O)O
2-phosphoglycolate	C(C(=O)[O-])OP(=O)([O-])[O-]
3',5'-Cyclic GMP	C1C2C(C(C(O2)N3C=NC4=C3N=C(NC4=O)N)O)OP(=O)(O1)O
3'-AMP	C1=NC(=C2C(=N1)N(C=N2)C3C(C(C(O3)CO)OP(=O)(O)O)O)N
3'-GMP	C1=NC2=C(N1C3C(C(C(O3)CO)OP(=O)(O)O)O)N=C(NC2=O)N
3'-Phosphoadenylyl sulfate	C1=NC(=C2C(=N1)N(C=N2)C3C(C(C(O3)COP(=O)(O)OS(=O)(=O)O)OP(=O)(O)O)O)N
3'-UMP	C1=CN(C(=O)NC1=O)C2C(C(C(O2)CO)OP(=O)(O)O)O
3'-cmp	C1=CN(C(=O)N=C1N)C2C(C(C(O2)CO)OP(=O)(O)O)O
3,3'-biflaviolin	C1=C(C=C(C2=C1C(=O)C(=O)C(=C2O)C3=C(C4=C(C=C(C=C4O)O)C(=O)C3=O)O)O)O
3,4-Dihydroxybenzoate	C1=CC(=C(C=C1C(=O)O)O)[O-]
3,4-Dihydroxymandelaldehyde	C1=CC(=C(C=C1C(C=O)O)O)O
3,4-Dihydroxyphenylacetaldehyde	C1=CC(=C(C=C1CC=O)O)O
3,4-Dihydroxyphenylethyleneglycol	C1=CC(=C(C=C1C(CO)O)O)O
3,4-dihydroxy-2-butanone 4-phosphate	CC(=O)C(COP(=O)(O)O)O
3,5-dichlorocatechol	C1=C(C=C(C(=C1O)O)Cl)Cl
3,5/4-trihydroxycyclohexa-1,2-dione	
3,6-anhydro-L-galactonate	C1C(C(C(O1)C(C(=O)[O-])O)O)O
3,8'-biflaviolin	C1=C(C=C(C2=C1C(=O)C(=O)C(=C2O)C3=C(C=C(C4=C3C(=O)C(=O)C=C4O)O)O)O)O
3,8-divinylchlorophyllidea	
3,8-divinylprotochlorophyllidea	
3-(2,3-dihydroxyphenyl)propanoate	C1=CC(=C(C(=C1)O)O)CCC(=O)[O-]
3-(3-hydroxyphenyl)propanoate	C1=CC(=CC(=C1)O)CCC(=O)[O-]
3-(4-Hydroxyphenyl)pyruvate	C1=CC(=CC=C1CC(=O)C(=O)[O-])O
3-(5,6-dihydroxycyclohexa-1,3-dien-1-yl)propanoate	C1=CC(C(C(=C1)CCC(=O)[O-])O)O
3-(Imidazol-4-yl)-2-oxopropyl phosphate	C1=C(NC=N1)CC(=O)COP(=O)(O)O
3-Carboxy-1-hydroxypropyl-ThPP	CC1=C(SC(=[N+]1CC2=CN=C(N=C2N)C)C(CCC(=O)O)O)CCOP(=O)(O)OP(=O)(O)O
3-Carboxy-2-hydroxy-4-methylpentanoate	CC(C)C(C(C(=O)O)O)C(=O)O
3-Carboxy-3-hydroxy-4-methylpentanoate	CC(C)C(CC(=O)O)(C(=O)O)O
3-Carboxy-4-methyl-2-oxopentanoate	CC(C)C(C(=O)C(=O)O)C(=O)O
3-Dehydrocarnitine	C[N+](C)(C)CC(=O)CC(=O)[O-]
3-Dehydroquinate	C1C(C(C(=O)CC1(C(=O)[O-])O)O)O
3-Dehydroshikimate	C1C(C(C(=O)C=C1C(=O)O)O)O
3-Hydroxy-2,4,6-Decatetraenoyl-[acyl-carrier protein]	
3-Hydroxy-3-methyl-2-oxobutanoic acid	CC(C)(C(=O)C(=O)O)O
3-Hydroxy-L-kynurenine	C1=CC(=C(C(=C1)O)N)C(=O)CC(C(=O)O)N
3-Hydroxyanthranilate	C1=CC(=C(C(=C1)O)N)C(=O)O
3-Hydroxyglutaryl-[acyl-carrier protein] methyl ester	
3-Hydroxyisovaleryl-CoA	CC(C)(CC(=O)SCCNC(=O)CCNC(=O)C(C(C)(C)COP(=O)(O)OP(=O)(O)OCC1C(C(C(O1)N2C=NC3=C(N=CN=C32)N)O)OP(=O)(O)O)O)O
3-Hydroxykynurenamine	C1=CC(=C(C(=C1)O)N)C(=O)CCN
3-Hydroxypimeloyl-CoA	CC(C)(COP(=O)(O)OP(=O)(O)OCC1C(C(C(O1)N2C=NC3=C(N=CN=C32)N)O)OP(=O)(O)O)C(C(=O)NCCC(=O)NCCSC(=O)CC(CCCC(=O)O)O)O
3-Hydroxypimeloyl-[acyl-carrier protein] methyl ester	
3-Hydroxypropanoate	C(CO)C(=O)[O-]
3-Hydroxypropanoyl coenzymeA	CC(C)(COP(=O)(O)OP(=O)(O)OCC1C(C(C(O1)N2C=NC3=C(N=CN=C32)N)O)OP(=O)(O)O)C(C(=O)NCCC(=O)NCCSC(=O)CCO)O
3-Indoleacetonitrile	C1=CC=C2C(=C1)C(=CN2)CC#N
3-Methoxy-4-hydroxyphenylacetaldehyde	COC1=C(C=CC(=C1)CC=O)O
3-Methoxytyramine	COC1=C(C=CC(=C1)CCN)O
3-Methyl-2-oxobutanoate	CC(C)C(=O)C(=O)O
3-Methylbut-2-enoyl-CoA	CC(=CC(=O)SCCNC(=O)CCNC(=O)C(C(C)(C)COP(=O)(O)OP(=O)(O)OCC1C(C(C(O1)N2C=NC3=C(N=CN=C32)N)O)OP(=O)(O)O)O)C
3-Methylglutaconyl-CoA	CC(=CC(=O)SCCNC(=O)CCNC(=O)C(C(C)(C)COP(=O)(O)OP(=O)(O)OCC1C(C(C(O1)N2C=NC3=C(N=CN=C32)N)O)OP(=O)(O)O)O)CC(=O)O
3-Oxo-glutaryl-[acyl-carrier protein] methyl ester	
3-Oxo-pimeloyl-[acyl-carrier protein] methyl ester	
3-Oxoadipate	C(CC(=O)[O-])C(=O)CC(=O)[O-]
3-Oxoadipyl-CoA	CC(C)(COP(=O)(O)OP(=O)(O)OCC1C(C(C(O1)N2C=NC3=C(N=CN=C32)N)O)OP(=O)(O)O)C(C(=O)NCCC(=O)NCCSC(=O)CC(=O)CCC(=O)O)O
3-Oxoante-isoheptadecanoyl-[acyl-carrier protein]	
3-Oxoante-isoheptanoyl-[acyl-carrier protein]	
3-Oxoante-isononanoyl-[acyl-carrier protein]	
3-Oxoante-isopentadecanoyl-[acyl-carrier protein]	
3-Oxoante-isotridecanoyl-[acyl-carrier protein]	
3-Oxoante-isoundecanoyl-[acyl-carrier protein]	
3-Oxodecanoyl-CoA	CCCCCCCC(=O)CC(=O)SCCNC(=O)CCNC(=O)C(C(C)(C)COP(=O)(O)OP(=O)(O)OCC1C(C(C(O1)N2C=NC3=C(N=CN=C32)N)O)OP(=O)(O)O)O
3-Oxodecanoyl-[acyl-carrier protein]	
3-Oxododecanoyl-CoA	CCCCCCCCCC(=O)CC(=O)SCCNC(=O)CCNC(=O)C(C(C)(C)COP(=O)(O)OP(=O)(O)OCC1C(C(C(O1)N2C=NC3=C(N=CN=C32)N)O)OP(=O)(O)O)O
3-Oxododecanoyl-[acyl-carrier protein]	
3-Oxoheptadecanoyl-[acyl-carrier protein]	
3-Oxoheptanoyl-[acyl-carrier protein]	
3-Oxohexadecanoyl-CoA	CCCCCCCCCCCCCC(=O)CC(=O)SCCNC(=O)CCNC(=O)C(C(C)(C)COP(=O)([O-])OP(=O)([O-])OCC1C(C(C(O1)N2C=NC3=C(N=CN=C32)N)O)OP(=O)([O-])[O-])O
3-Oxohexadecanoyl-[acyl-carrier protein]	
3-Oxohexanoyl-CoA	CCCC(=O)CC(=O)SCCNC(=O)CCNC(=O)C(C(C)(C)COP(=O)(O)OP(=O)(O)OCC1C(C(C(O1)N2C=NC3=C(N=CN=C32)N)O)OP(=O)(O)O)O
3-Oxohexanoyl-[acyl-carrier protein]	
3-Oxoisodecanoyl-[acyl-carrier protein]	
3-Oxoisododecanoyl-[acyl-carrier protein]	
3-Oxoisoheptadecanoyl-[acyl-carrier protein]	
3-Oxoisoheptanoyl-[acyl-carrier protein]	
3-Oxoisohexadecanoyl-[acyl-carrier protein]	
3-Oxoisohexanoyl-[acyl-carrier protein]	
3-Oxoisononanoyl-[acyl-carrier protein]	
3-Oxoisooctadecanoyl-[acyl-carrier protein]	
3-Oxoisooctanoyl-[acyl-carrier protein]	
3-Oxoisopentadecanoyl-[acyl-carrier protein]	
3-Oxoisotetradecanoyl-[acyl-carrier protein]	
3-Oxoisotridecanoyl-[acyl-carrier protein]	
3-Oxoisoundecanoyl-[acyl-carrier protein]	
3-Oxononanoyl-[acyl-carrier protein]	
3-Oxooctadecanoyl-CoA	CCCCCCCCCCCCCCCC(=O)CC(=O)SCCNC(=O)CCNC(=O)C(C(C)(C)COP(=O)(O)OP(=O)(O)OCC1C(C(C(O1)N2C=NC3=C(N=CN=C32)N)O)OP(=O)(O)O)O
3-Oxooctadecanoyl-[acyl-carrier protein]	
3-Oxooctanoyl-CoA	CCCCCC(=O)CC(=O)SCCNC(=O)CCNC(=O)C(C(C)(C)COP(=O)(O)OP(=O)(O)OCC1C(C(C(O1)N2C=NC3=C(N=CN=C32)N)O)OP(=O)(O)O)O
3-Oxooctanoyl-[acyl-carrier protein]	
3-Oxopentadecanoyl-[acyl-carrier protein]	
3-Oxopentanoyl-[acyl-carrier protein]	
3-Oxopimeloyl-CoA	CC(C)(COP(=O)(O)OP(=O)(O)OCC1C(C(C(O1)N2C=NC3=C(N=CN=C32)N)O)OP(=O)(O)O)C(C(=O)NCCC(=O)NCCSC(=O)CC(=O)CCCC(=O)O)O
3-Oxotetradecanoyl-CoA	CCCCCCCCCCCC(=O)CC(=O)SCCNC(=O)CCNC(=O)C(C(C)(C)COP(=O)(O)OP(=O)(O)OCC1C(C(C(O1)N2C=NC3=C(N=CN=C32)N)O)OP(=O)(O)O)O
3-Oxotetradecanoyl-[acyl-carrier protein]	
3-Oxotridecanoyl-[acyl-carrier protein]	
3-Oxoundecanoyl-[acyl-carrier protein]	
3-Phospho-D-glycerate	C(C(C(=O)O)O)OP(=O)(O)O
3-Phospho-D-glyceroyl phosphate	C(C(C(=O)OP(=O)(O)O)O)OP(=O)(O)O
3-Phosphohydroxypyruvate	C(C(=O)C(=O)O)OP(=O)(O)O
3-Sulfino-L-alanine	C(C(C(=O)O)N)S(=O)O
3-[(1-carboxyvinyl)oxy]benzoate	C=C(C(=O)O)OC1=CC=CC(=C1)C(=O)O
3-chlorobenzaldehyde	C1=CC(=CC(=C1)Cl)C=O
3-chlorobenzoate	C1=CC(=CC(=C1)Cl)C(=O)[O-]
3-fumarylpyruvate	C(C(=O)C=CC(=O)O)C(=O)C(=O)O
3-hydroxy-trans-cinnamate	
3-hydroxyanthranilate	C1=CC(=C(C(=C1)O)N)C(=O)O
3-maleylpyruvate	C(C(=O)C=CC(=O)[O-])C(=O)C(=O)[O-]
3-methylbenzaldehyde	CC1=CC(=CC=C1)C=O
3-octaprenyl-4-hydroxybenzoate	CC(=CCCC(=CCCC(=CCCC(=CCCC(=CCCC(=CCCC(=CCCC(=CCC1=C(C=CC(=C1)C(=O)O)[O-])C)C)C)C)C)C)C)C
3-oxo-5,6-dehydrosuberyl-CoA	CC(C)(COP(=O)(O)OP(=O)(O)OCC1C(C(C(O1)N2C=NC3=C(N=CN=C32)N)O)OP(=O)(O)O)C(C(=O)NCCC(=O)NCCSC(=O)CC(=O)CC=CCC(=O)O)O
3-oxo-cis-dodec-5-enoyl-[acyl-carrier protein]	
3-oxo-cis-myristol-7-eoyl-[acyl-carrier protein]	
3-oxo-cis-palm-9-eoyl-[acyl-carrier protein]	
3-oxo-cis-vacc-11-enoyl-[acyl-carrier protein]	
3-oxochol-4,22-dien-24-oyl-CoA	CC(C=CC(=O)SCCNC(=O)CCNC(=O)C(C(C)(C)COP(=O)([O-])OP(=O)([O-])OCC1C(C(C(O1)N2C=NC3=C(N=CN=C32)N)O)OP(=O)([O-])[O-])O)C4CCC5C4(CCC6C5CCC7=CC(=O)CCC67C)C
3-oxochol-4-en-24-oyl-CoA	CC(CCC(=O)SCCNC(=O)CCNC(=O)C(C(C)(C)COP(=O)(O)OP(=O)(O)OCC1C(C(C(O1)N2C=NC3=C(N=CN=C32)N)O)OP(=O)(O)O)O)C4CCC5C4(CCC6C5CCC7=CC(=O)CCC67C)C
3-oxocholest-4,24-dien-26-oyl-CoA	CC(CCC=C(C)C(=O)SCCNC(=O)CCNC(=O)C(C(C)(C)COP(=O)([O-])OP(=O)([O-])OCC1C(C(C(O1)N2C=NC3=C(N=CN=C32)N)O)OP(=O)([O-])[O-])O)C4CCC5C4(CCC6C5CCC7=CC(=O)CCC67C)C
3-phenylpropanoate	C1=CC=C(C=C1)CCC(=O)[O-]
3-sulfopyruvate	C(C(=O)C(=O)O)S(=O)(=O)O
3-ureidopropanoate	C(CNC(=O)N)C(=O)O
3alpha,12alpha-dihydroxy-7-oxo-5beta-cholan-24-oate	CC(CCC(=O)[O-])C1CCC2C1(C(CC3C2C(=O)CC4C3(CCC(C4)O)C)O)C
4,4'-diapolycopenedial	
4,5-seco-dopa	C(C(C(=O)O)N)C(=CC(=O)C(=O)O)C=CO
4,8-Dihydroxyquinoline	C1=CC2=C(C(=C1)O)NC=CC2=O
4-(1-D-Ribitylamino)-5-aminouracil	C(C(C(C(CO)O)O)O)NC1=C(C(=O)NC(=O)N1)N
4-(cytidine 5'-diphospho)-2-C-methyl-D-erythritol	CC(CO)(C(COP(=O)(O)OP(=O)(O)OCC1C(C(C(O1)N2C=CC(=NC2=O)N)O)O)O)O
4-(gamma-L-glutamylamino)butanal	C(CC=O)CNC(=O)CCC(C(=O)[O-])[NH3+]
4-(gamma-L-glutamylamino)butanoate	C(CC(=O)[O-])CNC(=O)CCC(C(=O)[O-])[NH3+]
4-(methylthio)-2-oxobutanoate	CSCCC(=O)C(=O)[O-]
4-Amino-2-methyl-5-phosphomethylpyrimidine	CC1=NC=C(C(=N1)N)COP(=O)(O)O
4-Amino-5-hydroxymethyl-2-methylpyrimidine	CC1=NC=C(C(=N1)N)CO
4-Aminobenzoate	C1=CC(=CC=C1C(=O)[O-])N
4-Aminobutanal	C(CC=O)CN
4-Aminobutanoate	C(CC(=O)O)CN
4-Carboxymuconolactone	C1=CC(OC1=O)(CC(=O)O)C(=O)O
4-Fumarylacetoacetate	C(C(=O)CC(=O)O)C(=O)C=CC(=O)O
4-Hydroxy-2,2'-bipyrrole-5-methanol	C1=CNC(=C1)C2=CC(=C(N2)CO)O
4-Hydroxy-2-oxoglutarate	C(C(C(=O)O)O)C(=O)C(=O)O
4-Hydroxy-L-threonine	C(C(C(C(=O)O)N)O)O
4-Hydroxyphenylacetaldehyde	C1=CC(=CC=C1CC=O)O
4-Imidazolone-5-propanoate	C1=NC(C(=O)N1)CCC(=O)O
4-Keto-2-undecylpyrroline	CCCCCCCCCCCC1=CC(=O)CN1
4-Maleylacetoacetate	C(C(=O)CC(=O)O)C(=O)C=CC(=O)O
4-Methyl-2-oxopentanoate	CC(C)CC(=O)C(=O)O
4-Methyl-5-(2-phosphoethyl)-thiazole	CC1=C(SC=N1)CCOP(=O)(O)O
4-Phospho-D-erythronate	C(C(C(C(=O)O)O)O)OP(=O)(O)O
4-Phospho-L-aspartate	C(C(C(=O)O)N)C(=O)OP(=O)(O)O
4-acetamidobutanal	CC(=O)NCCCC=O
4-acetamidobutanoate	CC(=O)NCCCC(=O)O
4-amino-4-deoxychorismate	C=C(C(=O)[O-])OC1C=C(C=CC1[NH3+])C(=O)[O-]
4-guanidinobutanoate	C(CC(=O)O)CN=C(N)N
4-guanidinobutyramide	C(CC(=O)N)CN=C(N)N
4-hydroxy-2-keto-5-methyl-6-oxo-3-hexenoate	CC(C=O)C(=O)C=C(C(=O)[O-])[O-]
4-hydroxy-2-ketovalerate	
4-hydroxyacetophenone	CC(=O)C1=CC=C(C=C1)O
4-hydroxybenzaldehyde	C1=CC(=CC=C1C=O)O
4-hydroxybenzoate	C1=CC(=CC=C1C(=O)O)[O-]
4-hydroxybutanoate	C(CC(=O)O)CO
4-hydroxybutanoyl-CoA	CC(C)(COP(=O)(O)OP(=O)(O)OCC1C(C(C(O1)N2C=NC3=C(N=CN=C32)N)O)OP(=O)(O)O)C(C(=O)NCCC(=O)NCCSC(=O)CCCO)O
4-hydroxyphenylacetate	C1=CC(=CC=C1CC(=O)O)O
4-methylbenzaldehyde	CC1=CC=C(C=C1)C=O
4-nitrocatechol	C1=CC(=C(C=C1[N+](=O)[O-])O)O
4-nitrophenol	C1=CC(=CC=C1[N+](=O)[O-])O
4-sulfobenzaldehyde	C1=CC(=CC=C1C=O)S(=O)(=O)O
4-sulfobenzoate	C1=CC(=CC=C1C(=O)[O-])S(=O)(=O)O
4-toluenecarboxylate	CC1=CC=C(C=C1)C(=O)[O-]
5',5'''-diadenosinetetraphosphate	
5'-Deoxyadenosine	CC1C(C(C(O1)N2C=NC3=C(N=CN=C32)N)O)O
5'-deoxyribose	CC(C(C(C=O)O)O)O
5,10-Methenyltetrahydrofolate	C1C2CN(C=[N+]2C3=C(N1)N=C(NC3=O)N)C4=CC=C(C=C4)C(=O)NC(CCC(=O)O)C(=O)O
5,10-Methylenetetrahydrofolate	C1C2CN(CN2C3=C(N1)N=C(NC3=O)N)C4=CC=C(C=C4)C(=O)NC(CCC(=O)O)C(=O)O
5,6,7,8-Tetrahydrofolate	C1C(NC2=C(N1)N=C(NC2=O)N)CNC3=CC=C(C=C3)C(=O)NC(CCC(=O)O)C(=O)O
5,6-Dimethylbenzimidazole	CC1=CC2=C(C=C1C)N=CN2
5,6-dihydrothymine	CC1CNC(=O)NC1=O
5,6-dihydrouracil	C1CNC(=O)NC1=O
5-Amino-1-(5-Phospho-D-ribosyl)imidazole-4-carboxamide	C1=NC(=C(N1C2C(C(C(O2)COP(=O)(O)O)O)O)N)C(=O)N
5-Amino-4-imidazolecarboxyamide	C1=NC(=C(N1)C(=O)N)N
5-Amino-4-oxopentanoate	C(CC(=O)O)C(=O)CN
5-Amino-6-(5'-phosphoribitylamino)uracil	C(C(C(C(COP(=O)(O)O)O)O)O)NC1=C(C(=O)NC(=O)N1)N
5-Amino-6-(5'-phosphoribosylamino)uracil	C(C1C(C(C(O1)NC2=C(C(=O)NC(=O)N2)N)O)O)OP(=O)(O)O
5-Aminopentanamide	C(CCN)CC(=O)N
5-Aminopentanoate	C(CCN)CC(=O)O
5-Dehydro-D-gluconate	C(C(=O)C(C(C(C(=O)[O-])O)O)O)O
5-Deoxy glucuronic acid	C(C(C(C(C=O)O)O)O)C(=O)O
5-Formamido-1-(5-phospho-D-ribosyl)imidazole-4-carboxamide	C1=NC(=C(N1C2C(C(C(O2)COP(=O)(O)O)O)O)NC=O)C(=O)N
5-Formyltetrahydrofolate	C1C(N(C2=C(N1)N=C(NC2=O)N)C=O)CNC3=CC=C(C=C3)C(=O)NC(CCC(=O)O)C(=O)O
5-Hydroxy-2-oxo-4-ureido-2,5-dihydro-1H-imidazole-5-carboxylate	C1(=NC(=O)NC1(C(=O)O)O)NC(=O)N
5-Hydroxydodeca-2,6,8,10-tetraenal	
5-Hydroxyindoleacetaldehyde	C1=CC2=C(C=C1O)C(=CN2)CC=O
5-Hydroxyisourate	C12=NC(=O)NC1(C(=O)NC(=O)N2)O
5-Methylcytosine	CC1=C(NC(=O)N=C1)N
5-Methyltetrahydrofolate	CN1C(CNC2=C1C(=O)NC(=N2)N)CNC3=CC=C(C=C3)C(=O)NC(CCC(=O)O)C(=O)O
5-Methyltetrahydropteroyltri-L-glutamate	CN1C(CNC2=C1C(=O)NC(=N2)N)CNC3=CC=C(C=C3)C(=O)NC(CCC(=O)NC(CCC(=O)NC(CCC(=O)O)C(=O)O)C(=O)O)C(=O)O
5-Methylthio-5-deoxy-D-ribose 1-phosphate	CSCC1C(C(C(O1)OP(=O)(O)O)O)O
5-Methylthio-5-deoxy-D-ribulose 1-phosphate	CSCC(C(C(=O)COP(=O)(O)O)O)O
5-Methylthio-D-ribose	CSCC1C(C(C(O1)O)O)O
5-Methylthioadenosine	CSCC1C(C(C(O1)N2C=NC3=C(N=CN=C32)N)O)O
5-O-(1-Carboxyvinyl)-3-phosphoshikimate	C=C(C(=O)O)OC1CC(=CC(C1O)OP(=O)(O)O)C(=O)O
5-Oxo-4,5-dihydrofuran-2-acetate	C1C=C(OC1=O)CC(=O)O
5-Oxopentanoate	C(CC=O)CC(=O)[O-]
5-Oxoproline	C1CC(=O)NC1C(=O)O
5-Phospho-alpha-D-ribose 1-diphosphate	C(C1C(C(C(O1)OP(=O)(O)OP(=O)(O)O)O)O)OP(=O)(O)O
5-Phospho-beta-D-ribosylamine	C(C1C(C(C(O1)N)O)O)OP(=O)(O)O
5-[(5-phospho-1-deoxyribulos-1-ylamino)methylideneamino]-1-(5-phosphoribosyl)imidazole-4-carboxamide	C1=NC(=C(N1C2C(C(C(O2)COP(=O)(O)O)O)O)NC=NCC(=O)C(C(COP(=O)(O)O)O)O)C(=O)N
5-amino-1-(5-phospho-D-ribosyl)imidazole	C1=C(N(C=N1)C2C(C(C(O2)COP(=O)(O)O)O)O)N
5-amino-1-(5-phospho-D-ribosyl)imidazole-4-carboxylate	C1=NC(=C(N1C2C(C(C(O2)COP(=O)(O)O)O)O)N)C(=O)O
5-amino-2-oxopentanoate	C(CC(=O)C(=O)[O-])CN
5-carboxymethyl-2-hydroxymuconate	C(C(=CC=C(C(=O)O)O)C(=O)O)C(=O)O
5-dehydro-2-deoxy-D-gluconate 6-phosphate	C(C(C(C(=O)COP(=O)(O)O)O)O)C(=O)O
5-guanidino-2-oxopentanoate	C(CC(=O)C(=O)[O-])CN=C(N)N
5-hydroxyectoine	CC1=NCC(C(N1)C(=O)O)O
6,6'-dibromoindigo	C1=CC2=C(C=C1Br)NC(=C2O)C3=NC4=C(C3=O)C=CC(=C4)Br
6,7-Dimethyl-8-(1-D-ribityl)lumazine	CC1=C(N(C2=NC(=O)NC(=O)C2=N1)CC(C(C(CO)O)O)O)C
6-(3-(prop-1-en-1-yl)-[2,2-bioxiran]-3-yl)-2,3-dihydropyridine	
6-Acetyl-D-glucose	CC(=O)OCC1C(C(C(C(O1)O)O)O)O
6-Aminopenicillanate	CC1(C(N2C(S1)C(C2=O)N)C(=O)O)C
6-Deoxydihydrokalafungin	CC1C2=C(CC(O1)CC(=O)O)CC3=C(C2=O)C(=CC=C3)O
6-Phospho-D-gluconate	C(C(C(C(C(C(=O)O)O)O)O)O)OP(=O)(O)O
6-Thioguanosine monophosphate	C1=NC2=C(N1C3C(C(C(O3)COP(=O)(O)O)O)O)NC(=NC2=S)N
6-Thioxanthine 5'-monophosphate	C1=NC2=C(N1C3C(C(C(O3)COP(=O)(O)O)O)O)NC(=O)NC2=S
6-amino-6-deoxyfutalosine	C1=CC(=CC(=C1)C(=O)[O-])C(=O)CCC2C(C(C(O2)N3C=NC4=C(N=CN=C43)N)O)O
6-hydroxyl-paulinone	
6-hydroxymethyl dihydropterin	
6-hydroxymethyl-dihydropterin pyrophosphate	C1C(=NC2=C(N1)N=C(NC2=O)N)COP(=O)([O-])OP(=O)([O-])[O-]
6-phospho-D-glucono-1,5-lactone	C(C1C(C(C(C(=O)O1)O)O)O)OP(=O)(O)O
7,8-Diaminononanoate	CC(C(CCCCCC(=O)O)N)N
7,8-Didemethyl-8-hydroxy-5-deazariboflavin	C1=CC(=O)C=C2C1=CC3=C(N2CC(C(C(CO)O)O)O)NC(=O)NC3=O
7,8-Dihydrofolate	C1C(=NC2=C(N1)N=C(NC2=O)N)CNC3=CC=C(C=C3)C(=O)NC(CCC(=O)O)C(=O)O
8-Amino-7-oxononanoate	CC(C(=O)CCCCCC(=O)[O-])N
A-factor: (4R)-4-(hydroxymethyl)-3-(6-methylheptanoyl)oxolan-2-one	
ACETOIN	CC(C(=O)C)O
ADP	C1=NC(=C2C(=N1)N(C=N2)C3C(C(C(O3)COP(=O)(O)OP(=O)(O)O)O)O)N
ADP-D-glycero-beta-D-manno-heptose	C1=NC(=C2C(=N1)N(C=N2)C3C(C(C(O3)COP(=O)(O)OP(=O)(O)OC4C(C(C(C(O4)C(CO)O)O)O)O)O)O)N
ADPglucose	C1=NC(=C2C(=N1)N(C=N2)C3C(C(C(O3)COP(=O)(O)OP(=O)(O)OC4C(C(C(C(O4)CO)O)O)O)O)O)N
ADPribose	C1=NC(=C2C(=N1)N(C=N2)C3C(C(C(O3)COP(=O)(O)OP(=O)(O)OCC4C(C(C(O4)O)O)O)O)O)N
AMP	C1=NC(=C2C(=N1)N(C=N2)C3C(C(C(O3)COP(=O)(O)O)O)O)N
ATP	C1=NC(=C2C(=N1)N(C=N2)C3C(C(C(O3)COP(=O)(O)OP(=O)(O)OP(=O)(O)O)O)O)N
Acetaldehyde	CC=O
Acetate	CC(=O)[O-]
Acetoacetate	CC(=O)CC(=O)[O-]
Acetoacetyl-ACP	
Acetoacetyl-ACP (specific to CDA)	
Acetoacetyl-ACP (specific to RED(redQ))	
Acetoacetyl-CoA	CC(=O)CC(=O)SCCNC(=O)CCNC(=O)C(C(C)(C)COP(=O)(O)OP(=O)(O)OCC1C(C(C(O1)N2C=NC3=C(N=CN=C32)N)O)OP(=O)(O)O)O
Acetone	CC(=O)C
Acetyl phosphate	CC(=O)OP(=O)(O)O
Acetyl-ACP	
Acetyl-CoA	CC(=O)SCCNC(=O)CCNC(=O)C(C(C)(C)COP(=O)(O)OP(=O)(O)OCC1C(C(C(O1)N2C=NC3=C(N=CN=C32)N)O)OP(=O)(O)O)O
Acetyl-maltose	CC(=O)OCC1C(C(C(C(O1)OC2C(OC(C(C2O)O)O)CO)O)O)O
Acryloyl-CoA	CC(C)(COP(=O)(O)OP(=O)(O)OCC1C(C(C(O1)N2C=NC3=C(N=CN=C32)N)O)OP(=O)(O)O)C(C(=O)NCCC(=O)NCCSC(=O)C=C)O
Actinorhodin	CC1C2=C(CC(O1)CC(=O)O)C(=O)C3=C(C2=O)C(=O)C(=CC3=O)C4=CC(=C5C(=C4O)C(=C6C(OC(CC6=C5O)CC(=O)O)C)O)O
Acyl carrier protein (specific to coelimycin)	
Adenine	C1=NC2=NC=NC(=C2N1)N
Adenosine	C1=NC(=C2C(=N1)N(C=N2)C3C(C(C(O3)CO)O)O)N
Adenosine 3',5'-bisphosphate	C1=NC(=C2C(=N1)N(C=N2)C3C(C(C(O3)COP(=O)(O)O)OP(=O)(O)O)O)N
Adenosine 5'-phosphosulfate	C1=NC(=C2C(=N1)N(C=N2)C3C(C(C(O3)COP(=O)(O)OS(=O)(=O)O)O)O)N
Adenosine-GDP-cobinamide	CC1=C2C(C(C([N-]2)C3(C(C(C(=N3)C(=C4C(C(C(=N4)C=C5C(C(C1=N5)CCC(=O)N)(C)C)CCC(=O)N)(C)CC(=O)N)C)CCC(=O)N)(C)CC(=O)N)C)CC(=O)N)(C)CCC(=O)NCC(C)OP(=O)(O)OP(=O)(O)OCC6C(C(C(O6)N7C=NC8=C7N=C(NC8=O)N)O)O.[CH2-]C1C(C(C(O1)N2C=NC3=C(N=CN=C32)N)O)O.[Co]
Adenosyl cobinamide	CC1=C2C(C(C([N-]2)C3(C(C(C(=N3)C(=C4C(C(C(=N4)C=C5C(C(C1=N5)CCC(=O)N)(C)C)CCC(=O)N)(C)CC(=O)N)C)CCC(=O)N)(C)CC(=O)N)C)CC(=O)N)(C)CCC(=O)NCC(C)O.[CH2-]C1C(C(C(O1)N2C=NC3=C(N=CN=C32)N)O)O.[Co]
Adenosyl cobinamide phosphate	CC1=C2C(C(C([N-]2)C3(C(C(C(=N3)C(=C4C(C(C(=N4)C=C5C(C(C1=N5)CCC(=O)N)(C)C)CCC(=O)N)(C)CC(=O)N)C)CCC(=O)N)(C)CC(=O)N)C)CC(=O)N)(C)CCC(=O)NCC(C)OP(=O)(O)O.[CH2-]C1C(C(C(O1)N2C=NC3=C(N=CN=C32)N)O)O.[Co]
Adenosyl cobyrinate diamide	CC1=C2C(C(C([N-]2)C3(C(C(C(=N3)C(=C4C(C(C(=N4)C=C5C(C(C1=N5)CCC(=O)O)(C)C)CCC(=O)O)(C)CC(=O)N)C)CCC(=O)O)(C)CC(=O)N)C)CC(=O)O)(C)CCC(=O)O.[CH2-]C1C(C(C(O1)N2C=NC3=C(N=CN=C32)N)O)O.[Co+3]
Adenosylcobalamin	CC1=CC2=C(C=C1C)N(C=N2)C3C(C(C(O3)CO)OP(=O)([O-])OC(C)CNC(=O)CCC4(C(C5C6(C(C(C(=N6)C(=C7C(C(C(=N7)C=C8C(C(C(=N8)C(=C4[N-]5)C)CCC(=O)N)(C)C)CCC(=O)N)(C)CC(=O)N)C)CCC(=O)N)(C)CC(=O)N)C)CC(=O)N)C)O.[CH2-]C1C(C(C(O1)N2C=NC3=C(N=CN=C32)N)O)O.[Co]
Adenylated molybdopterin	
Adenylyl-[L-glutamate:ammonia ligase (ADP-forming)]	
Agmatine	C(CCN=C(N)N)CN
Albaflavenone	CC1CC(=O)C2=C(C(C3CCC12C3)(C)C)C
Allantoate	C(C(=O)[O-])(NC(=O)N)NC(=O)N
Allantoin	C1(C(=O)NC(=O)N1)NC(=O)N
Aminoacetaldehyde	C(C=O)N
Aminoacetone	CC(=O)CN
Ammonium	[NH4+]
Ante-isoheptadecanoate (ante-iso-C17:0)	
Ante-isoheptadecanoyl-ACP (ante-iso-C17:0ACP)	
Ante-isoheptadecanoyl-phosphate (ante-iso-C17:0)	
Ante-isoheptanoyl-ACP (ante-iso-C7:0ACP)	
Ante-isononanoyl-ACP (ante-iso-C9:0ACP)	
Ante-isopentadecanoate (ante-iso-C15:0)	
Ante-isopentadecanoyl-ACP (ante-iso-C15:0ACP)	
Ante-isopentadecanoyl-phosphate (ante-iso-C15:0)	
Ante-isotridecanoyl-ACP (ante-iso-C13:0ACP)	
Ante-isoundecanoyl-ACP (ante-iso-C11:0ACP)	
Ante-isovaleryl-ACP (ante-iso-C5:0ACP)	
Anthranilate	C1=CC=C(C(=C1)C(=O)O)N
Apo-[acyl-carrier-protein]	
Apo-[carboxylase]	
Bathorhodopsin	
Betaine aldehyde	C[N+](C)(C)CC=O
Bicarbonate	C(=O)(O)[O-]
Biotin	C1C2C(C(S1)CCCCC(=O)O)NC(=O)N2
Biotinyl-5'-AMP	C1C2C(C(S1)CCCCC(=O)OP(=O)(O)OCC3C(C(C(O3)N4C=NC5=C(N=CN=C54)N)O)O)NC(=O)N2
But-2-enoyl-[acyl-carrier protein]	
Butanal	CCCC=O
Butanoyl-CoA	CCCC(=O)SCCNC(=O)CCNC(=O)C(C(C)(C)COP(=O)(O)OP(=O)(O)OCC1C(C(C(O1)N2C=NC3=C(N=CN=C32)N)O)OP(=O)(O)O)O
Butyryl-ACP (n-C4:0ACP)	
C'-(3-Indolyl)-glycerol 3-phosphate	
CATECHOL	C1=CC=C(C(=C1)O)O
CDP	C1=CN(C(=O)N=C1N)C2C(C(C(O2)COP(=O)(O)OP(=O)(O)O)O)O
CDP-1,2-diante-isoheptadecanoylglycerol	
CDP-1,2-diante-isopentadecanoylglycerol	
CDP-1,2-didodecanoylglycerol	CCCCCCCCCCCC(=O)OCC(COP(=O)(O)OP(=O)(O)OCC1C(C(C(O1)N2C=CC(=NC2=O)N)O)O)OC(=O)CCCCCCCCCCC
CDP-1,2-diheptadecanoylglycerol	
CDP-1,2-dihexadec-9-enoylglycerol	CCCCCCC=CCCCCCCCC(=O)OCC(COP(=O)(O)OP(=O)(O)OCC1C(C(C(O1)N2C=CC(=NC2=O)N)O)O)OC(=O)CCCCCCCC=CCCCCCC
CDP-1,2-dihexadecanoylglycerol	
CDP-1,2-diisoheptadecanoylglycerol	
CDP-1,2-diisohexadecanoylglycerol	
CDP-1,2-diisooctadecanoylglycerol	
CDP-1,2-diisopentadecanoylglycerol	
CDP-1,2-diisotetradecanoylglycerol	
CDP-1,2-dioctadec-11-enoylglycerol	CCCCCCC=CCCCCCCCCCC(=O)OCC(COP(=O)(O)OP(=O)(O)OCC1C(C(C(O1)N2C=CC(=NC2=O)N)O)O)OC(=O)CCCCCCCCCC=CCCCCCC
CDP-1,2-dioctadecanoylglycerol	CCCCCCCCCCCCCCCCCC(=O)OCC(COP(=O)([O-])OP(=O)([O-])OCC1C(C(C(O1)N2C=CC(=NC2=O)N)O)O)OC(=O)CCCCCCCCCCCCCCCCC
CDP-1,2-dipentadecanoylglycerol	
CDP-1,2-ditetradec-7-enoylglycerol	CCCCCCC=CCCCCCC(=O)OCC(COP(=O)(O)OP(=O)(O)OCC1C(C(C(O1)N2C=CC(=NC2=O)N)O)O)OC(=O)CCCCCC=CCCCCCC
CDP-1,2-ditetradecanoylglycerol	CCCCCCCCCCCCCC(=O)OCC(COP(=O)(O)OP(=O)(O)OCC1C(C(C(O1)N2C=CC(=NC2=O)N)O)O)OC(=O)CCCCCCCCCCCCC
CDPglycerol	
CMP	C1=CN(C(=O)N=C1N)C2C(C(C(O2)COP(=O)(O)O)O)O
CMP-N-acetyl-beta-neuraminate	CC(=O)NC1C(CC(OC1C(C(CO)O)O)(C(=O)[O-])OP(=O)([O-])OCC2C(C(C(O2)N3C=CC(=NC3=O)N)O)O)O
CMP-N-glycoloyl-beta-neuraminate	C1C(C(C(OC1(C(=O)[O-])OP(=O)([O-])OCC2C(C(C(O2)N3C=CC(=NC3=O)N)O)O)C(C(CO)O)O)NC(=O)CO)O
CO2	C(=O)=O
CPD-12179	
CTP	C1=CN(C(=O)N=C1N)C2C(C(C(O2)COP(=O)(O)OP(=O)(O)OP(=O)(O)O)O)O
Cadmium	[Cd]
Calcium	[Ca]
Carbamate	C(=O)(N)[O-]
Carbamoyl phosphate	C(=O)(N)OP(=O)(O)O
Carboxybiotin-carboxyl-carrier protein	
Carnitine	C[N+](C)(C)CC(CC(=O)[O-])O
Cellobiose	C(C1C(C(C(C(O1)OC2C(OC(C(C2O)O)O)CO)O)O)O)O
Cellulose (chain length 500 glc_D assumed)	
Chloride	[Cl-]
Choline	C[N+](C)(C)CCO
Citalopram aldehyde	C1C2=C(C=CC(=C2)C#N)C(O1)(CCC=O)C3=CC=C(C=C3)F
Citrate	C(C(=O)[O-])C(CC(=O)[O-])(C(=O)[O-])O
Co2+	[Co+2]
Cob(I)alamin	CC1=CC2=C(C=C1C)N(C=N2)C3C(C(C(O3)CO)OP(=O)([O-])OC(C)CNC(=O)CCC4(C(C5C6(C(C(C(=N6)C(=C7C(C(C(=N7)C=C8C(C(C(=N8)C(=C4[N-]5)C)CCC(=O)N)(C)C)CCC(=O)N)(C)CC(=O)N)C)CCC(=O)N)(C)CC(=O)N)C)CC(=O)N)C)O.[Co]
Cob(I)yrinate a,c diamide	CC1=C2C(C(C([N-]2)(C3C(C(C(=N3)C(=C4C(C(C(=N4)C=C5C(C(C1=N5)(C)CC(=O)N)CCC(=O)O)(C)C)CCC(=O)O)C)(C)CCC(=O)O)CC(=O)O)C)(C)CC(=O)N)CCC(=O)O.[Co]
Cob(II)yrinate a,c diamide	CC1=C2C(C(C([N-]2)(C3C(C(C(=N3)C(=C4C(C(C(=N4)C=C5C(C(C1=N5)(C)CC(=O)N)CCC(=O)O)(C)C)CCC(=O)O)C)(C)CCC(=O)O)CC(=O)O)C)(C)CC(=O)N)CCC(=O)O.[Co+2]
Cobinamide	CC1=C2C(C(C([N-]2)C3(C(C(C(=N3)C(=C4C(C(C(=N4)C=C5C(C(C1=N5)CCC(=O)N)(C)C)CCC(=O)N)(C)CC(=O)N)C)CCC(=O)N)(C)CC(=O)N)C)CC(=O)N)(C)CCC(=O)NCC(C)O.[Co+3]
Cobyrinic acid	CC1=C2C(C(C([N-]2)C3(C(C(C(=N3)C(=C4C(C(C(=N4)C=C5C(C(C1=N5)CCC(=O)O)(C)C)CCC(=O)O)(C)CC(=O)O)C)CCC(=O)O)(C)CC(=O)O)C)CC(=O)O)(C)CCC(=O)O.[Co+3]
Coenzyme A	CC(C)(COP(=O)(O)OP(=O)(O)OCC1C(C(C(O1)N2C=NC3=C(N=CN=C32)N)O)OP(=O)(O)O)C(C(=O)NCCC(=O)NCCS)O
Coenzyme F420	CC(C(=O)NC(CCC(=O)NC(CCC(=O)O)C(=O)O)C(=O)O)OP(=O)(O)OCC(C(C(CN1C2=CC(=O)C=CC2=CC3=C1NC(=O)NC3=O)O)O)O
Coenzyme F420-0	CC(C(=O)O)OP(=O)(O)OCC(C(C(CN1C2=CC(=O)C=CC2=CC3=C1NC(=O)NC3=O)O)O)O
Coenzyme F420-1	CC(C(=O)NC(CCC(=O)O)C(=O)O)OP(=O)(O)OCC(C(C(CN1C2=CC(=O)C=CC2=CC3=C1NC(=O)NC3=O)O)O)O
Coproporphyrinogen I	CC1=C2CC3=C(C(=C(N3)CC4=C(C(=C(N4)CC5=C(C(=C(N5)CC(=C1CCC(=O)O)N2)C)CCC(=O)O)C)CCC(=O)O)C)CCC(=O)O
Coproporphyrinogen III	CC1=C2CC3=C(C(=C(N3)CC4=C(C(=C(N4)CC5=C(C(=C(N5)CC(=C1CCC(=O)O)N2)C)CCC(=O)O)C)CCC(=O)O)CCC(=O)O)C
Crotonoyl-CoA	CC=CC(=O)SCCNC(=O)CCNC(=O)C(C(C)(C)COP(=O)(O)OP(=O)(O)OCC1C(C(C(O1)N2C=NC3=C(N=CN=C32)N)O)OP(=O)(O)O)O
Cu+	
Cu2+	[Cu+2]
Cyclic de-hypoxanthine futalosine	C1CC2(C(C(C(O2)O)O)O)C3=C(C1=O)C=C(C=C3)C(=O)O
Cys-Gly	C(C(C(=O)NCC(=O)O)N)S
Cytidine	C1=CN(C(=O)N=C1N)C2C(C(C(O2)CO)O)O
Cytosine	C1=C(NC(=O)N=C1)N
D-1-Aminopropan-2-ol O-phosphate	CC(CN)OP(=O)(O)O
D-4'-Phosphopantothenate	CC(C)(COP(=O)(O)O)C(C(=O)NCCC(=O)O)O
D-Alanine	CC(C(=O)O)N
D-Alanyl-D-alanine	CC(C(=O)NC(C)C(=O)O)N
D-Arabinitol	C(C(C(C(CO)O)O)O)O
D-Erythrose 4-phosphate	C(C(C(C=O)O)O)OP(=O)(O)O
D-Fructose	C1C(C(C(C(O1)(CO)O)O)O)O
D-Fructose 1,6-bisphosphate	
D-Fructose 1-phosphate	C(C(C(C(C(=O)COP(=O)(O)O)O)O)O)O
D-Fructose 6-phosphate	C(C(C(C(C(=O)CO)O)O)O)OP(=O)(O)O
D-Galactonate	C(C(C(C(C(C(=O)[O-])O)O)O)O)O
D-Galactose	C(C1C(C(C(C(O1)O)O)O)O)O
D-Gluconate	C(C(C(C(C(C(=O)[O-])O)O)O)O)O
D-Glucono-1,5-lactone	C(C1C(C(C(C(=O)O1)O)O)O)O
D-Glucosamine	C(C1C(C(C(C(O1)O)N)O)O)O
D-Glucosamine 1-phosphate	C(C1C(C(C(C(O1)OP(=O)(O)O)N)O)O)O
D-Glucosamine 6-phosphate	C(C1C(C(C(C(O1)O)N)O)O)OP(=O)(O)O
D-Glucose	C(C1C(C(C(C(O1)O)O)O)O)O
D-Glucose 1-phosphate	C(C1C(C(C(C(O1)OP(=O)(O)O)O)O)O)O
D-Glucose 6-phosphate	C(C(C(C(C(C=O)O)O)O)O)OP(=O)(O)O
D-Glutamate	C(CC(=O)O)C(C(=O)O)N
D-Glyceraldehyde	C(C(C=O)O)O
D-Glycerate 2-phosphate	C(C(C(=O)O)OP(=O)(O)O)O
D-Lactate	CC(C(=O)O)O
D-Lyxose	C1C(C(C(C(O1)O)O)O)O
D-Mannitol	C(C(C(C(C(CO)O)O)O)O)O
D-Mannitol 1-phosphate	C(C(C(C(C(COP(=O)(O)O)O)O)O)O)O
D-Mannose	C(C1C(C(C(C(O1)O)O)O)O)O
D-Mannose 1-phosphate	C(C1C(C(C(C(O1)OP(=O)(O)O)O)O)O)O
D-Mannose 6-phosphate	C(C1C(C(C(C(O1)O)O)O)O)OP(=O)(O)O
D-Ribose	C1C(C(C(C(O1)O)O)O)O
D-Ribulose	C(C(C(C(=O)CO)O)O)O
D-Ribulose 5-phosphate	C(C(C(C(=O)CO)O)O)OP(=O)(O)O
D-Sorbitol	C(C(C(C(C(CO)O)O)O)O)O
D-Tagatose 1,6-biphosphate	
D-Tagatose 6-phosphate	C(C1C(C(C(O1)(CO)O)O)O)OP(=O)(O)O
D-Xylose	C1C(C(C(C(O1)O)O)O)O
D-Xylulose	C(C(C(C(=O)CO)O)O)O
D-Xylulose 5-phosphate	C(C(C(C(=O)CO)O)O)OP(=O)(O)O
D-arginine	C(CC(C(=O)O)N)CN=C(N)N
D-erythro-1-(Imidazol-4-yl)glycerol 3-phosphate	C1=C(NC=N1)C(C(COP(=O)(O)O)O)O
D-erythro-3-Methylmalate	CC(C(C(=O)O)O)C(=O)O
D-glycero-beta-D-manno-Heptose 1-phosphate	C(C(C1C(C(C(C(O1)OP(=O)([O-])[O-])O)O)O)O)O
D-mannonate	C(C(C(C(C(C(=O)O)O)O)O)O)O
D-ornithine	C(CC(C(=O)O)N)CN
D-proline	C1CC(NC1)C(=O)O
D-ribulose1-phosphate	
D-serine	C(C(C(=O)O)N)O
D-tartrate	C(C(C(=O)[O-])O)(C(=O)[O-])O
DNA 5-methylcytosine	
DNA cytosine	
DNA pseudometabolite	
DOLICHOLP	
Deamino-NAD+	C1=CC(=C[N+](=C1)C2C(C(C(O2)COP(=O)(O)OP(=O)(O)OCC3C(C(C(O3)N4C=NC5=C(N=CN=C54)N)O)O)O)O)C(=O)O
Decanoate (n-C10:0)	
Decanoyl-ACP (n-C10:0ACP)	
Decanoyl-CoA (n-C10:0CoA)	CCCCCCCCCC(=O)SCCNC(=O)CCNC(=O)C(C(C)(C)COP(=O)(O)OP(=O)(O)OCC1C(C(C(O1)N2C=NC3=C(N=CN=C32)N)O)OP(=O)(O)O)O
Decanoyl-[acp]	
Demethylmenaquinol	CC(=CCCC(=CCC1=C(C2=CC=CC=C2C(=C1)O)O)C)C
Deoxyadenosine	C1C(C(OC1N2C=NC3=C(N=CN=C32)N)CO)O
Deoxycytidine	C1C(C(OC1N2C=CC(=NC2=O)N)CO)O
Deoxyguanosine	C1C(C(OC1N2C=NC3=C2N=C(NC3=O)N)CO)O
Deoxyinosine	C1C(C(OC1N2C=NC3=C2N=CNC3=O)CO)O
Deoxyribose	C(C=O)C(C(CO)O)O
Deoxyuridine	C1C(C(OC1N2C=CC(=O)NC2=O)CO)O
Dephospho-CoA	CC(C)(COP(=O)(O)OP(=O)(O)OCC1C(C(C(O1)N2C=NC3=C(N=CN=C32)N)O)O)C(C(=O)NCCC(=O)NCCS)O
Dethiobiotin	CC1C(NC(=O)N1)CCCCCC(=O)O
Dialuric acid	C1(C(=O)NC(=O)NC1=O)O
Didemethylcitalopram	C1C2=C(C=CC(=C2)C#N)C(O1)(CCCN)C3=CC=C(C=C3)F
Dihydrolipoylprotein	
Dihydromonapterin	
Dihydroneopterin	C1C(=NC2=C(N1)N=C(NC2=O)N)C(C(CO)O)O
Dihydroneopterin phosphate	C1C(=NC2=C(N1)N=C(NC2=O)N)C(C(COP(=O)(O)O)O)O
Dihydropteroate	C1C(=NC2=C(N1)N=C(NC2=O)N)CNC3=CC=C(C=C3)C(=O)O
Dihydroxyacetone	C(C(=O)CO)O
Dihydroxyacetone phosphate	C(C(=O)COP(=O)(O)O)O
Dimethylallyl diphosphate	CC(=CCOP(=O)(O)OP(=O)(O)O)C
Diphosphate	
Diploptene	CC(=C)C1CCC2(C1CCC3(C2CCC4C3(CCC5C4(CCCC5(C)C)C)C)C)C
Diplopterol	CC1(CCCC2(C1CCC3(C2CCC4C3(CCC5C4(CCC5C(C)(C)O)C)C)C)C)C
Dodecanoate (n-C12:0)	
Dodecanoly-phosphate (n-C12:0)	
Dodecanoyl-ACP (n-C12:0ACP) (redL)	
Dodecanoyl-ACP (n-C12:0ACP) (redQ)	
Dodecanoyl-CoA (n-C12:0CoA)	CCCCCCCCCCCC(=O)SCCNC(=O)CCNC(=O)C(C(C)(C)COP(=O)([O-])OP(=O)([O-])OCC1C(C(C(O1)N2C=NC3=C(N=CN=C32)N)O)OP(=O)([O-])[O-])O
Dodecanoyl-[acyl-carrier protein]	
Dolichyl phosphate D-mannose	CC(CCC=C(C)CCC=C(C)CCC=C(C)CCC=C(C)C)CCOP(=O)(O)OC1C(C(C(C(O1)CO)O)O)O
Dopamine	C1=CC(=C(C=C1CCN)O)O
E-3-carboxy-2-pentenedioate 6-methyl ester	
ETF-Oxidized	
ETF-Reduced	
Enoylglutaryl-[acyl-carrier protein] methyl ester	
Enoylpimeloyl-[acyl-carrier protein] methyl ester	
Enzyme N6-(dihydrolipoyl)lysine	
Enzyme N6-(lipoyl)lysine	
Epimelibiose	C(C1C(C(C(C(O1)OCC2C(C(C(C(O2)O)O)O)O)O)O)O)O
Ethanol	CCO
Ethanolamine	C(CO)N
Ethanolamine phosphate	C(COP(=O)(O)O)N
FMN	CC1=CC2=C(C=C1C)N(C3=NC(=O)NC(=O)C3=N2)CC(C(C(COP(=O)(O)O)O)O)O
FRUCTURONATE	
Farnesyl diphosphate	CC(=CCCC(=CCCC(=CCOP(=O)(O)OP(=O)(O)O)C)C)C
Fe-enerobactin	
Fe2+	[Fe+2]
Fe3+	[Fe+3]
Ferricoelichelin	
Ferricytochrome b5	
Ferricytochrome c	
Ferrioxamine B (unloaded)	
Ferrioxamine E (unloaded)	
Ferrocytochrome b5	
Ferrocytochrome c	
Flavin adenine dinucleotide oxidized	
Flavin adenine dinucleotide reduced	CC1=CC2=C(C=C1C)N(C3=C(N2)C(=O)NC(=O)N3)CC(C(C(COP(=O)(O)OP(=O)(O)OCC4C(C(C(O4)N5C=NC6=C(N=CN=C65)N)O)O)O)O)O
Formaldehyde	C=O
Formamidopyrimidine nucleoside triphosphate	C(C1C(C(C(O1)NC2=C(C(=O)NC(=N2)N)NC=O)O)O)OP(=O)(O)OP(=O)(O)OP(=O)(O)O
Formate	C(=O)[O-]
Fumarate	C(=CC(=O)[O-])C(=O)[O-]
GDP	C1=NC2=C(N1C3C(C(C(O3)COP(=O)(O)OP(=O)(O)O)O)O)N=C(NC2=O)N
GDP-4-dehydro-6-deoxy-D-mannose	CC1C(=O)C(C(C(O1)OP(=O)(O)OP(=O)(O)OCC2C(C(C(O2)N3C=NC4=C3N=C(NC4=O)N)O)O)O)O
GDP-D-mannose	C1=NC2=C(N1C3C(C(C(O3)COP(=O)(O)OP(=O)(O)OC4C(C(C(C(O4)CO)O)O)O)O)O)N=C(NC2=O)N
GMP	C1=NC2=C(N1C3C(C(C(O3)COP(=O)(O)O)O)O)N=C(NC2=O)N
GTP	C1=NC2=C(N1C3C(C(C(O3)COP(=O)(O)OP(=O)(O)OP(=O)(O)O)O)O)N=C(NC2=O)N
Galactosylglycerol	C(C1C(C(C(C(O1)OCC(CO)O)O)O)O)O
Geosmin	CC1CCCC2(C1(CCCC2)O)C
Geranyl diphosphate	CC(=CCCC(=CCOP(=O)(O)OP(=O)(O)O)C)C
Geranylgeranyl diphosphate	CC(=CCCC(=CCCC(=CCCC(=CCOP(=O)(O)OP(=O)(O)O)C)C)C)C
Glutarate	C(CC(=O)O)CC(=O)O
Glutaryl-CoA	CC(C)(COP(=O)(O)OP(=O)(O)OCC1C(C(C(O1)N2C=NC3=C(N=CN=C32)N)O)OP(=O)(O)O)C(C(=O)NCCC(=O)NCCSC(=O)CCCC(=O)O)O
Glutaryl-[acyl-carrier protein] methyl ester	
Glyceraldehyde 3-phosphate	C(C(C=O)O)OP(=O)(O)O
Glycerol	C(C(CO)O)O
Glycerol 3-phosphate	C(C(COP(=O)(O)O)O)O
Glycerophosphoglycerol	C(C(COP(=O)(O)OCC(CO)O)O)O
Glycerophosphoserine	C(C(COP(=O)(O)OCC(C(=O)O)N)O)O
Glycine	C(C(=O)O)N
Glycine betaine	C[N+](C)(C)CC(=O)[O-]
Glycolaldehyde	C(C=O)O
Glycolate	C(C(=O)O)O
Glycyl-tRNA(Gly)	
Glyoxylate	C(=O)C(=O)[O-]
Guanine	C1=NC2=C(N1)C(=O)NC(=N2)N
Guanosine	C1=NC2=C(N1C3C(C(C(O3)CO)O)O)N=C(NC2=O)N
Guanosine 3',5'-bis(diphosphate)	C1=NC2=C(N1C3C(C(C(O3)COP(=O)(O)OP(=O)(O)O)OP(=O)(O)OP(=O)(O)O)O)N=C(NC2=O)N
Guanosine 3'-diphosphate 5'-triphosphate	C1=NC2=C(N1C3C(C(C(O3)COP(=O)(O)OP(=O)(O)OP(=O)(O)O)OP(=O)(O)OP(=O)(O)O)O)N=C(NC2=O)N
H+	[H+]
H2O	O
Heme A	CC1=C(C2=CC3=NC(=CC4=C(C(=C([N-]4)C=C5C(=C(C(=N5)C=C1[N-]2)C(CCC=C(C)CCC=C(C)CCC=C(C)C)O)C)C=O)CCC(=O)O)C(=C3C)CCC(=O)O)C=C.[Fe]
Heme O	CC1=C(C2=CC3=NC(=CC4=C(C(=C([N-]4)C=C5C(=C(C(=N5)C=C1[N-]2)C=C)C)C(CCC=C(C)CCC=C(C)CCC=C(C)C)O)C)C(=C3CCC(=O)O)C)CCC(=O)O.[Fe+2]
Heptadecanoyl-ACP (n-C17:0ACP)	
Heptanoyl-ACP (n-C7:0ACP)	
Hexadecanal	CCCCCCCCCCCCCCCC=O
Hexadecanoate (n-C16:0)	CCCCCCCCCCCCCCCC(=O)O
Hexadecanoyl-[acp]	
Hexadecanoyl-phosphate (n-C16:0)	
Hexadecanoyl-phosphate (n-C16:1)	
Hexadecenoate (n-C16:1)	CCCCCCC=CCCCCCCCC(=O)O
Hexadecenoyl-CoA (n-C16:1CoA)	
Hexanoate (n-C6:0)	CCCCCC(=O)[O-]
Hexanoyl-ACP (n-C6:0ACP)	
Hexanoyl-CoA (n-C6:0CoA)	
Hippurate	C1=CC=C(C=C1)C(=O)NCC(=O)O
Holo-[carboxylase]	
Homogentisate	C1=CC(=C(C=C1O)CC(=O)O)O
Hydrogen cyanide	C#N
Hydrogen peroxide	OO
Hydrogen selenide	[SeH2]
Hydrogen sulfide	S
Hydrogen-acceptor	
Hydrogen-donor	
Hydrogenobyrinate	CC1=C2C(C(C(=N2)C=C3C(C(C(=C(C4=NC(C5C(C(C1=N5)(C)CCC(=O)O)CC(=O)O)(C(C4CCC(=O)O)(C)CC(=O)O)C)C)N3)(C)CC(=O)O)CCC(=O)O)(C)C)CCC(=O)O
Hydrogenobyrinate a,c diamide	CC1=C2C(C(C(=N2)C=C3C(C(C(=C(C4=NC(C5C(C(C1=N5)(C)CCC(=O)O)CC(=O)O)(C(C4CCC(=O)O)(C)CC(=O)N)C)C)N3)(C)CC(=O)N)CCC(=O)O)(C)C)CCC(=O)O
Hydroquinone	C1=CC(=CC=C1O)O
Hydroxymethylbilane	C1=C(C(=C(N1)CC2=C(C(=C(N2)CC3=C(C(=C(N3)CC4=C(C(=C(N4)CO)CC(=O)O)CCC(=O)O)CC(=O)O)CCC(=O)O)CC(=O)O)CCC(=O)O)CC(=O)O)CCC(=O)O
Hydroxymethylglutaryl-CoA	CC(C)(COP(=O)(O)OP(=O)(O)OCC1C(C(C(O1)N2C=NC3=C(N=CN=C32)N)O)OP(=O)(O)O)C(C(=O)NCCC(=O)NCCSC(=O)CC(C)(CC(=O)O)O)O
Hydroxypyruvate	C(C(=O)C(=O)O)O
Hypoxanthine	C1=NC2=C(N1)C(=O)NC=N2
IDP	C1=NC2=C(C(=O)N1)N=CN2C3C(C(C(O3)COP(=O)(O)OP(=O)(O)O)O)O
IMP	C1=NC2=C(C(=O)N1)N=CN2C3C(C(C(O3)COP(=O)(O)O)O)O
ITP	C1=NC2=C(C(=O)N1)N=CN2C3C(C(C(O3)COP(=O)(O)OP(=O)(O)OP(=O)(O)O)O)O
Iminoaspartate	C(C(=N)C(=O)O)C(=O)O
Indole	C1=CC=C2C(=C1)C=CN2
Indole-3-acetaldehyde	C1=CC=C2C(=C1)C(=CN2)CC=O
Inorganic triphosphate	OP(=O)(O)OP(=O)(O)OP(=O)(O)O
Inosine	C1=NC2=C(C(=O)N1)N=CN2C3C(C(C(O3)CO)O)O
Isobutyryl-ACP (iso-C4:0ACP)	
Isobutyryl-CoA	CC(C)C(=O)SCCNC(=O)CCNC(=O)C(C(C)(C)COP(=O)(O)OP(=O)(O)OCC1C(C(C(O1)N2C=NC3=C(N=CN=C32)N)O)OP(=O)(O)O)O
Isochorismate	C=C(C(=O)O)OC1C=CC=C(C1O)C(=O)O
Isocitrate	C(C(C(C(=O)O)O)C(=O)O)C(=O)O
Isodecanoyl-ACP (iso-C10:0ACP)	
Isododecanoyl-ACP (iso-C12:0ACP)	
Isoheptadecanoate (iso-C17:0)	
Isoheptadecanoyl-ACP (iso-C17:0ACP)	
Isoheptadecanoyl-phosphate (iso-C17:0)	
Isoheptanoyl-ACP (iso-C7:0ACP)	
Isohexadecanoate (n-C16:0)	
Isohexadecanoyl-phosphate (n-C16:0)	
Isohexanoyl-ACP (iso-C6:0ACP)	
Isomyristoyl-ACP (iso-C14:0ACP)	
Isononanoyl-ACP (iso-C9:0ACP)	
Isooctadecanoate (n-C18:0)	
Isooctadecanoyl-ACP (iso-C18:0ACP)	
Isooctadecanoyl-phosphate (n-C18:0)	
Isooctanoyl-ACP (iso-C8:0ACP)	
Isopalmitoyl-ACP (iso-C16:0ACP)	
Isopentadecanoate (iso-C15:0)	
Isopentadecanoyl-ACP (iso-C15:0ACP)	
Isopentadecanoyl-phosphate (iso-C15:0)	
Isopentenyl diphosphate	CC(=C)CCOP(=O)(O)OP(=O)(O)O
Isotetradecanoate (iso-C14:0)	
Isotetradecanoyl-phosphate (iso-C14:0)	
Isotridecanoyl-ACP (iso-C13:0ACP)	
Isoundecanoyl-ACP (iso-C11:0ACP)	
Isovaleryl-ACP (iso-C5:0ACP)	
Isovaleryl-CoA	CC(C)CC(=O)SCCNC(=O)CCNC(=O)C(C(C)(C)COP(=O)(O)OP(=O)(O)OCC1C(C(C(O1)N2C=NC3=C(N=CN=C32)N)O)OP(=O)(O)O)O
L-1-PHOSPHATIDYL-ETHANOLAMINE	
L-1-Pyrroline-3-hydroxy-5-carboxylate	C1C(C=NC1C(=O)O)O
L-2,4-Diaminobutanoate	C(CN)C(C(=O)O)N
L-2-Amino-3-oxobutanoate	CC(=O)C(C(=O)O)N
L-2-acetamido-6-oxoheptanedioate	CC(=O)NC(CCCC(=O)C(=O)[O-])C(=O)[O-]
L-2-aminoadipate	C(CC(C(=O)O)N)CC(=O)O
L-3-methylglutamic acid	
L-4-Hydroxyglutamate semialdehyde	C(C(C=O)O)C(C(=O)O)N
L-4-Hydroxyphenylglycine	C1=CC(=CC=C1C(C(=O)O)N)O
L-Alanine	CC(C(=O)O)N
L-Alanyl-tRNA(Ala)	
L-Allo-threonine	CC(C(C(=O)O)N)O
L-Arabinose	C1C(C(C(C(O1)O)O)O)O
L-Arginine	C(CC(C(=O)O)N)CN=C(N)N
L-Arginyl-tRNA(Arg)	
L-Asparagine	C(C(C(=O)O)N)C(=O)N
L-Asparaginyl-tRNA(Asn)	
L-Aspartate	C(C(C(=O)O)N)C(=O)O
L-Aspartate 4-semialdehyde	C(C=O)C(C(=O)[O-])[NH3+]
L-Aspartyl-tRNA(Asn)	
L-Aspartyl-tRNA(Asp)	
L-Citrulline	C(CC(C(=O)O)N)CNC(=O)N
L-Cystathionine	C(CSCC(C(=O)O)N)C(C(=O)O)N
L-Cysteine	C(C(C(=O)O)N)S
L-Cysteinyl-tRNA(Cys)	
L-Formylkynurenine	C1=CC=C(C(=C1)C(=O)CC(C(=O)O)N)NC=O
L-Glutamate	C(CC(=O)O)C(C(=O)O)N
L-Glutamate 1-semialdehyde	C(CC(=O)O)C(C=O)N
L-Glutamate 5-phosphate	C(CC(=O)OP(=O)(O)O)C(C(=O)O)N
L-Glutamate 5-semialdehyde	C(CC(C(=O)O)N)C=O
L-Glutamine	C(CC(=O)N)C(C(=O)O)N
L-Glutaminyl-tRNA(Gln)	
L-Glutamyl-tRNA(Gln)	
L-Glutamyl-tRNA(Glu)	
L-Histidinal	C1=C(NC=N1)CC(C=O)N
L-Histidine	C1=C(NC=N1)CC(C(=O)O)N
L-Histidinol	C1=C(NC=N1)CC(CO)N
L-Histidinol phosphate	C1=C(NC=N1)CC(COP(=O)(O)O)N
L-Histidyl-tRNA(His)	
L-Homocysteine	C(CS)C(C(=O)O)N
L-Homoserine	C(CO)C(C(=O)O)N
L-Idonate	C(C(C(C(C(C(=O)[O-])O)O)O)O)O
L-Isoleucine	CCC(C)C(C(=O)O)N
L-Isoleucyl-tRNA(Ile)	
L-Kynurenine	C1=CC=C(C(=C1)C(=O)CC(C(=O)O)N)N
L-Lactaldehyde	CC(C=O)O
L-Lactate	CC(C(=O)[O-])O
L-Leucine	CC(C)CC(C(=O)O)N
L-Leucyl-tRNA(Leu)	
L-Lysine	C(CCN)CC(C(=O)O)N
L-Lysine-tRNA (Lys)	
L-Lyxose	C(C(C(C(C=O)O)O)O)O
L-Malate	C(C(C(=O)O)O)C(=O)O
L-Methionine	CSCCC(C(=O)O)N
L-Methionine Sulfoxide	CS(=O)CCC(C(=O)O)N
L-Methionyl-tRNA (Met)	
L-Noradrenaline	C1=CC(=C(C=C1C(CN)O)O)O
L-Phenylalanine	C1=CC=C(C=C1)CC(C(=O)O)N
L-Phenylalanyl-tRNA(Phe)	
L-Proline	C1CC(NC1)C(=O)O
L-Prolinylglycine	C1CC(NC1)CONCC(=O)O
L-Prolyl-tRNA(Pro)	
L-Rhamnose	CC1C(C(C(C(O1)O)O)O)O
L-Ribulose	C(C(C(C(=O)CO)O)O)O
L-Ribulose 5-phosphate	C(C(C(C(=O)CO)O)O)OP(=O)(O)O
L-Selenocysteinyl-tRNA(Sec)	
L-Serine	C(C(C(=O)O)N)O
L-Seryl-tRNA(Sec)	
L-Seryl-tRNA(Ser)	
L-Threonine	CC(C(C(=O)O)N)O
L-Threonine O-3-phosphate	CC(C(C(=O)O)N)OP(=O)(O)O
L-Threonyl-tRNA(Thr)	
L-Tryptophan	C1=CC=C2C(=C1)C(=CN2)CC(C(=O)O)N
L-Tryptophanyl-tRNA(Trp)	
L-Tyrosine	C1=CC(=CC=C1CC(C(=O)O)N)O
L-Tyrosyl-tRNA(Tyr)	
L-Valine	CC(C)C(C(=O)O)N
L-Valyl-tRNA(Val)	
L-alanine-D-glutamate	
L-alanine-D-glutamate-meso-2,6-diaminoheptanedioate	
L-alanine-D-glutamate-meso-2,6-diaminoheptanedioate-D-alanine	
L-ascorbate	C(C(C1C(=C(C(=O)O1)O)O)O)O
L-ascorbate 6-phosphate	C(C(C1C(=C(C(=O)O1)O)O)O)OP(=O)(O)O
L-carnitine	C[N+](C)(C)CC(CC(=O)[O-])O
L-cysteate	C(C(C(=O)O)N)S(=O)(=O)O
L-dopa	C1=CC(=C(C=C1CC(C(=O)O)N)O)O
L-ectoine	CC1=NCCC(N1)C(=O)O
L-erythro-4-Hydroxyglutamate	C(C(C(=O)O)N)C(C(=O)O)O
L-fuculose1-phosphate	
L-gulonate	C(C(C(C(C(C(=O)[O-])O)O)O)O)O
L-gulono-1,4-lactone	C(C(C1C(C(C(=O)O1)O)O)O)O
L-methionine-R-sulfoxide	CS(=O)CCC(C(=O)[O-])[NH3+]
L-phosphinothricin	CP(=O)(CCC(C(=O)O)N)O
L-sorbosone1,4-lactone	
L-xylo-hex-3-ulono-1,4-lactone	C(C(C1C(=O)C(C(=O)O1)O)O)O
LL-2,6-Diaminoheptanedioate	C(CC(C(=O)O)N)CC(C(=O)O)N
Lactose	C(C1C(C(C(C(O1)OC2C(OC(C(C2O)O)O)CO)O)O)O)O
Lipoate	C1CSSC1CCCCC(=O)[O-]
Lipopolysaccharide	
Lipoylprotein	
Lumirhodopsin	
Maleic acid	C(=CC(=O)O)C(=O)O
Malonate semialdehyde	C(C=O)C(=O)O
Malonyl-CoA	CC(C)(COP(=O)(O)OP(=O)(O)OCC1C(C(C(O1)N2C=NC3=C(N=CN=C32)N)O)OP(=O)(O)O)C(C(=O)NCCC(=O)NCCSC(=O)CC(=O)O)O
Malonyl-[acyl-carrier protein]	
Malonyl-[acyl-carrier protein] (specific to CDA)	
Malonyl-[acyl-carrier protein] (specific to RED(redN))	
Malonyl-[acyl-carrier protein] (specific to RED(redQ))	
Malonyl-[acyl-carrier protein] methyl ester	
Maltoheptaose	C(C1C(C(C(C(O1)OC2C(OC(C(C2O)O)OC3C(OC(C(C3O)O)OC4C(OC(C(C4O)O)OC5C(OC(C(C5O)O)OC6C(OC(C(C6O)O)OC7C(OC(C(C7O)O)O)CO)CO)CO)CO)CO)CO)O)O)O)O
Maltohexaose	C(C1C(C(C(C(O1)OC2C(OC(C(C2O)O)OC3C(OC(C(C3O)O)OC4C(OC(C(C4O)O)OC5C(OC(C(C5O)O)OC6C(OC(C(C6O)O)O)CO)CO)CO)CO)CO)O)O)O)O
Maltopentaose	
Maltose	C(C1C(C(C(C(O1)OC2C(OC(C(C2O)O)O)CO)O)O)O)O
Maltotetraose	C(C1C(C(C(C(O1)OC2C(OC(C(C2O)O)OC3C(OC(C(C3O)O)OC4C(OC(C(C4O)O)O)CO)CO)CO)O)O)O)O
Maltotriose	C(C1C(C(C(C(O1)OC2C(OC(C(C2O)O)OC3C(OC(C(C3O)O)O)CO)CO)O)O)O)O
Melibiitol	C(C1C(C(C(C(O1)O)O)O)O)OCC(C(C(C(CO)O)O)O)O
Melibiose	C(C1C(C(C(C(O1)OCC2C(C(C(C(O2)O)O)O)O)O)O)O)O
Menaquinol 9	CC1=C(C2=CC=CC=C2C(=C1CC=C(C)CCC=C(C)CCC=C(C)CCC=C(C)CCC=C(C)CCC=C(C)CCC=C(C)CCC=C(C)CCC=C(C)C)O)O
Menaquinone 9	CC1=C(C(=O)C2=CC=CC=C2C1=O)CC=C(C)CCC=C(C)CCC=C(C)CCC=C(C)CCC=C(C)CCC=C(C)CCC=C(C)CCC=C(C)CCC=C(C)C
Mercaptopyruvate	C(C(=O)C(=O)O)S
Metarhodopsin	
Methanesulfonic acid	CS(=O)(=O)O
Methanol	CO
Methylmalonate	CC(C(=O)O)C(=O)O
Mg-protoporphyrin	CC1=C(C2=CC3=C(C(=C([N-]3)C=C4C(=C(C(=N4)C=C5C(=C(C(=N5)C=C1[N-]2)C)C=C)C)C=C)C)CCC(=O)O)CCC(=O)O.[Mg+2]
Mn2+	[Mn+2]
MoaD Protein with bound AMP	
MoaD Protein with carboxylate	
MoaD Protein with thiocarboxylate	
Molybdate	[O-][Mo](=O)(=O)[O-]
Mycothione	CC(=O)NC(CSSCC(C(=O)NC1C(C(C(OC1OC2C(C(C(C(C2O)O)O)O)O)CO)O)O)NC(=O)C)C(=O)NC3C(C(C(OC3OC4C(C(C(C(C4O)O)O)O)O)CO)O)O
N(omega)-(L-Arginino)succinate	C(CC(C(=O)O)N)CN=C(N)NC(CC(=O)O)C(=O)O
N,N'-diacetylchitobiose	CC(=O)NC1C(C(C(OC1O)CO)OC2C(C(C(C(O2)CO)O)O)NC(=O)C)O
N,N-dimethylaniline	CN(C)C1=CC=CC=C1
N,N-dimethylaniline-N-oxide	C[N+](C)(C1=CC=CC=C1)[O-]
N-((R)-4-Phosphopantothenoyl)-L-cysteine	CC(C)(COP(=O)(O)O)C(C(=O)NCCC(=O)NC(CS)C(=O)O)O
N-(5-Phospho-D-ribosyl)anthranilate	C1=CC=C(C(=C1)C(=O)O)NC2C(C(C(O2)COP(=O)(O)O)O)O
N-3-aminopropyl-1,5-diaminopentane	C(CC[NH3+])CC[NH2+]CCC[NH3+]
N-Acetyl-D-glucosamine	CC(=O)NC1C(C(C(OC1O)CO)O)O
N-Acetyl-D-glucosamine 1-phosphate	CC(=O)NC1C(C(C(OC1OP(=O)(O)O)CO)O)O
N-Acetyl-D-glucosamine 6-phosphate	CC(=O)NC1C(C(C(OC1O)COP(=O)(O)O)O)O
N-Acetyl-D-glucosamine(anhydrous)N-Acetylmuramyl-tetrapeptide	
N-Acetyl-D-glucosamine(anhydrous)N-Acetylmuramyl-tripeptide	CC(C(=O)NC(CCC(=O)O)C(=O)NC(CCCC(C(=O)O)N)C(=O)O)NC(=O)C(C)OC1C(C(OC=C1NC(=O)C)CO)OC2C(C(C(C(O2)CO)O)O)NC(=O)C
N-Acetyl-L-Cysteine	CC(=O)NC(CS)C(=O)O
N-Acetyl-L-glutamate	CC(=O)NC(CCC(=O)O)C(=O)O
N-Acetyl-L-glutamate 5-semialdehyde	CC(=O)NC(CCC=O)C(=O)O
N-Acetyl-L-glutamyl 5-phosphate	CC(=O)NC(CCC(=O)OP(=O)(O)O)C(=O)O
N-Acetylputrescine	CC(=O)NCCCCN
N-Carbamoyl-L-aspartate	C(C(C(=O)O)NC(=O)N)C(=O)O
N-Carbamoylputrescine	C(CCNC(=O)N)CN
N-Formimidoyl-L-glutamate	C(CC(=O)O)C(C(=O)O)N=CN
N-Formylanthranilate	C1=CC=C(C(=C1)C(=O)[O-])NC=O
N-Formylmethionyl-tRNA	
N-Ribosylnicotinamide	C1=CC(=C[N+](=C1)C2C(C(C(O2)CO)O)O)C(=O)N
N-Succinyl-2-L-amino-6-oxoheptanedioate	C(CC(C(=O)O)NC(=O)CCC(=O)O)CC(=O)C(=O)O
N-Succinyl-LL-2,6-diaminoheptanedioate	C(CC(C(=O)O)N)CC(C(=O)O)NC(=O)CCC(=O)O
N-acetyl-D-mannosamine	CC(=O)NC1C(C(C(OC1O)CO)O)O
N-acetyl-L-citrulline	CC(=O)NC(CCCNC(=O)N)C(=O)O
N-acetyl-alpha-D-glucosaminyldiphospho-ditrans,octacis-undecaprenol	CC(=CCCC(=CCCC(=CCCC(=CCCC(=CCCC(=CCCC(=CCCC(=CCCC(=CCCC(=CCCC(=CCOP(=O)([O-])OP(=O)([O-])OC1C(C(C(C(O1)CO)O)O)NC(=O)C)C)C)C)C)C)C)C)C)C)C)C
N-acetyl-beta-neuraminate	CC(=O)NC1C(CC(OC1C(C(CO)O)O)(C(=O)[O-])O)O
N-acetylmuramate 6-phosphate	CC(C(=O)[O-])OC1C(C(OC(C1O)COP(=O)([O-])[O-])O)NC(=O)C
N-acetylphosphinothricin	CC(=O)NC(CCP(=O)(C)O)C(=O)O
N-formyl-L-glutamate	C(CC(=O)O)C(C(=O)O)NC=O
N-glycolylneuraminate	C1C(C(C(OC1(C(=O)[O-])O)C(C(CO)O)O)NC(=O)CO)O
N-hydroxy-N-succinylcadaverine	C(CCN)CCN(C(=O)CCC(=O)O)O
N-hydroxycadaverine	C(CCN)CCNO
N-methylhydantoin	CN1CC(=O)NC1=O
N1-(5-Phospho-D-ribosyl)glycinamide	C(C1C(C(C(O1)NC(=O)CN)O)O)OP(=O)(O)O
N1-(5-Phospho-alpha-D-ribosyl)-5,6-dimethylbenzimidazole	CC1=CC2=C(C=C1C)N(C=N2)C3C(C(C(O3)COP(=O)(O)O)O)O
N1-(alpha-D-ribosyl)-5,6-dimethylbenzimidazole	CC1=CC2=C(C=C1C)N(C=N2)C3C(C(C(O3)CO)O)O
N2-Acetyl-L-ornithine	CC(=O)NC(CCCN)C(=O)O
N2-Formyl-N1-(5-phospho-D-ribosyl)glycinamide	C(C1C(C(C(O1)NC(=O)CNC=O)O)O)OP(=O)(O)O
N4-acetyl-L-2.4-diaminobutanoate	
N6-(1,2-Dicarboxyethyl)-AMP	C1=NC(=C2C(=N1)N(C=N2)C3C(C(C(O3)COP(=O)(O)O)O)O)NC(CC(=O)O)C(=O)O
N6-hydroxy-L-lysine	C(CCNO)CC(C(=O)O)N
NMN	C1=CC(=C[N+](=C1)C2C(C(C(O2)COP(=O)(O)[O-])O)O)C(=O)N
Ni-sirohydrochlorin	CC1(C(C2=CC3=NC(=CC4=C(C(=C([N-]4)C=C5C(C(C(=N5)C=C1[N-]2)CCC(=O)[O-])(C)CC(=O)[O-])CC(=O)[O-])CCC(=O)[O-])C(=C3CC(=O)[O-])CCC(=O)[O-])CCC(=O)[O-])CC(=O)[O-].[Ni]
Ni-sirohydrochlorina,c-diamide	
Nicotinamide	C1=CC(=CN=C1)C(=O)N
Nicotinamide adenine dinucleotide	C1=CC(=C[N+](=C1)C2C(C(C(O2)COP(=O)([O-])OP(=O)(O)OCC3C(C(C(O3)N4C=NC5=C(N=CN=C54)N)O)O)O)O)C(=O)N
Nicotinamide adenine dinucleotide - reduced	
Nicotinamide adenine dinucleotide phosphate	C1=CC(=C[N+](=C1)C2C(C(C(O2)COP(=O)([O-])OP(=O)(O)OCC3C(C(C(O3)N4C=NC5=C(N=CN=C54)N)OP(=O)(O)O)O)O)O)C(=O)N
Nicotinamide adenine dinucleotide phosphate - reduced	C1C=CN(C=C1C(=O)N)C2C(C(C(O2)COP(=O)(O)OP(=O)(O)OCC3C(C(C(O3)N4C=NC5=C(N=CN=C54)N)OP(=O)(O)O)O)O)O
Nicotinate	C1=CC(=CN=C1)C(=O)[O-]
Nicotinate D-ribonucleotide	C1=CC(=C[N+](=C1)C2C(C(C(O2)COP(=O)(O)O)O)O)C(=O)O
Nitrate	[N+](=O)([O-])[O-]
Nitric oxide	[N]=O
Nitrite	N(=O)[O-]
Nonanoyl-ACP (n-C9:0ACP)	
O-Acetyl-L-homoserine	CC(=O)OCCC(C(=O)O)N
O-Acetyl-L-serine	CC(=O)OCC(C(=O)O)N
O-Phospho-4-hydroxy-L-threonine	C(C(C(C(=O)O)N)O)OP(=O)(O)O
O-Phospho-L-homoserine	C(COP(=O)(O)O)C(C(=O)O)N
O-Phospho-L-serine	C(C(C(=O)O)N)OP(=O)(O)O
O-Succinyl-L-homoserine	C(COC(=O)CCC(=O)O)C(C(=O)O)N
O-succinylbenzoate	C1=CC=C(C(=C1)C(=O)CCC(=O)O)C(=O)O
O2	O=O
Octadecanoyl-ACP (n-C18:0ACP)	
Octadecanoyl-phosphate (n-C18:0)	
Octadecanoyl-phosphate (n-C18:1)	
Octadecenoyl-CoA (n-C18:1CoA)	CCCCCCCCC=CCCCCCCCC(=O)SCCNC(=O)CCNC(=O)C(C(C)(C)COP(=O)(O)OP(=O)(O)OCC1C(C(C(O1)N2C=NC3=C(N=CN=C32)N)O)OP(=O)(O)O)O
Octanoyl-ACP (n-C8:0ACP)	
Octanoyl-CoA (n-C8:0CoA)	CCCCCCCC(=O)SCCNC(=O)CCNC(=O)C(C(C)(C)COP(=O)([O-])OP(=O)([O-])OCC1C(C(C(O1)N2C=NC3=C(N=CN=C32)N)O)OP(=O)([O-])[O-])O
Oleoyl-CoA	CCCCCCCCC=CCCCCCCCC(=O)SCCNC(=O)CCNC(=O)C(C(C)(C)COP(=O)(O)OP(=O)(O)OCC1C(C(C(O1)N2C=NC3=C(N=CN=C32)N)O)OP(=O)(O)O)O
Ornithine	C(CC(C(=O)O)N)CN
Orotate	C1=C(NC(=O)NC1=O)C(=O)[O-]
Orotidine 5'-phosphate	C1=C(N(C(=O)NC1=O)C2C(C(C(O2)COP(=O)(O)O)O)O)C(=O)O
Oxalate	C(=O)(C(=O)[O-])[O-]
Oxaloacetate	C(C(=O)C(=O)O)C(=O)O
Oxidized ferredoxin	
Oxidized flavodoxin	
Oxidized glutathione	
Oxidized thioredoxin	
Palmitoyl-CoA (n-C16:0CoA)	CCCCCCCCCCCCCCCC(=O)SCCNC(=O)CCNC(=O)C(C(C)(C)COP(=O)([O-])OP(=O)([O-])OCC1C(C(C(O1)N2C=NC3=C(N=CN=C32)N)O)OP(=O)([O-])[O-])O
Pantetheine 4'-phosphate	CC(C)(COP(=O)(O)O)C(C(=O)NCCC(=O)NCCS)O
Paulyl-CoA	
Penicillin	CC1(C(N2C(S1)C(C2=O)NC(=O)CC3=CC=CC=C3)C(=O)O)C
Penicillin G	CC1(C(N2C(S1)C(C2=O)NC(=O)CC3=CC=CC=C3)C(=O)O)C
Penicilloic acid	CC1(C(NC(S1)C(C(=O)O)NC=O)C(=O)O)C
Pentadecanoate (n-C15:0)	
Pentadecanoyl-ACP (n-C15:0ACP)	
Pentadecanoyl-phosphate (n-C15:0)	
Pentanoyl-ACP (n-C5:0ACP)	
Phenethylamine	C1=CC=C(C=C1)CCN
Phenylacetaldehyde	C1=CC=C(C=C1)CC=O
Phenylacetic acid	C1=CC=C(C=C1)CC(=O)O
Phenylacetyl-CoA	CC(C)(COP(=O)(O)OP(=O)(O)OCC1C(C(C(O1)N2C=NC3=C(N=CN=C32)N)O)OP(=O)(O)O)C(C(=O)NCCC(=O)NCCSC(=O)CC4=CC=CC=C4)O
Phenylpyruvate	C1=CC=C(C=C1)CC(=O)C(=O)O
Phosphate	[O-]P(=O)([O-])[O-]
Phosphatidylglycerol (diante-isoheptadecanoyl, ante-iso-C17:0)	
Phosphatidylglycerol (diante-isopentadecanoyl, ante-iso-C15:0)	
Phosphatidylglycerol (didodecanoyl, n-C12:0)	
Phosphatidylglycerol (diheptadecanoyl, n-C17:0)	
Phosphatidylglycerol (dihexadec-9-enoyl, n-C16:1)	CCCCCCC=CCCCCCCCC(=O)OCC(COP(=O)([O-])OCC(CO)O)OC(=O)CCCCCCCC=CCCCCCC
Phosphatidylglycerol (dihexadecanoyl, n-C16:0)	CCCCCCCCCCCCCCCC(=O)OCC(COP(=O)([O-])OCC(CO)O)OC(=O)CCCCCCCCCCCCCCC
Phosphatidylglycerol (diisoheptadecanoyl, iso-C17:0)	
Phosphatidylglycerol (diisohexadecanoyl, iso-C16:0)	
Phosphatidylglycerol (diisooctadecanoyl, iso-C18:0)	
Phosphatidylglycerol (diisopentadecanoyl, iso-C15:0)	
Phosphatidylglycerol (diisotetradecanoyl, iso-C14:0)	
Phosphatidylglycerol (dioctadec-11-enoyl, n-C18:1)	CCCCCCC=CCCCCCCCCCC(=O)OCC(COP(=O)([O-])OCC(CO)O)OC(=O)CCCCCCCCCC=CCCCCCC
Phosphatidylglycerol (dioctadecanoyl, n-C18:0)	CCCCCCCCCCCCCCCCCC(=O)OCC(COP(=O)([O-])OCC(CO)O)OC(=O)CCCCCCCCCCCCCCCCC
Phosphatidylglycerol (dipentadecanoyl, n-C15:0)	
Phosphatidylglycerol (ditetradec-7-enoyl, n-C14:1)	
Phosphatidylglycerol (ditetradecanoyl, n-C14:0)	CCCCCCCCCCCCCC(=O)OCC(COP(=O)([O-])OCC(CO)O)OC(=O)CCCCCCCCCCCCC
Phosphatidylglycerophosphate (diante-isoheptadecanoyl, ante-iso-C17:0)	
Phosphatidylglycerophosphate (diante-isopentadecanoyl, ante-iso-C15:0)	
Phosphatidylglycerophosphate (didodecanoyl, n-C12:0)	
Phosphatidylglycerophosphate (diheptadecanoyl, n-C17:0)	
Phosphatidylglycerophosphate (dihexadec-9-enoyl, n-C16:1)	
Phosphatidylglycerophosphate (dihexadecanoyl, n-C16:0)	CCCCCCCCCCCCCCCC(=O)OCC(COP(=O)([O-])OCC(COP(=O)([O-])[O-])O)OC(=O)CCCCCCCCCCCCCCC
Phosphatidylglycerophosphate (diisoheptadecanoyl, iso-C17:0)	
Phosphatidylglycerophosphate (diisohexadecanoyl, iso-C16:0)	
Phosphatidylglycerophosphate (diisooctadecanoyl, iso-C18:0)	
Phosphatidylglycerophosphate (diisopentadecanoyl, iso-C15:0)	
Phosphatidylglycerophosphate (diisotetradecanoyl, iso-C14:0)	
Phosphatidylglycerophosphate (dioctadec-11-enoyl, n-C18:1)	
Phosphatidylglycerophosphate (dioctadecanoyl, n-C18:0)	CCCCCCCCCCCCCCCCCC(=O)OCC(COP(=O)([O-])OCC(COP(=O)([O-])[O-])O)OC(=O)CCCCCCCCCCCCCCCCC
Phosphatidylglycerophosphate (dipentadecanoyl, n-C15:0)	
Phosphatidylglycerophosphate (ditetradec-7-enoyl, n-C14:1)	
Phosphatidylglycerophosphate (ditetradecanoyl, n-C14:0)	
Phosphoenolpyruvate	C=C(C(=O)O)OP(=O)(O)O
Pimeloyl-[acyl-carrier protein]	
Pimeloyl-[acyl-carrier protein] methyl ester	
Porphobilinogen	C1=C(C(=C(N1)CN)CC(=O)O)CCC(=O)O
Precorrin 1	CC1(C(C2=NC1=CC3=C(C(=C(N3)CC4=C(C(=C(N4)CC5=C(C(=C(C2)N5)CC(=O)O)CCC(=O)O)CC(=O)O)CCC(=O)O)CCC(=O)O)CC(=O)O)CCC(=O)O)CC(=O)O
Precorrin 3A	CC1=C2C(C(C(=N2)C=C3C(C(C(=CC4=C(C(=C(N4)CC5=C(C(=C1N5)CC(=O)O)CCC(=O)O)CCC(=O)O)CC(=O)O)N3)CCC(=O)O)(C)CC(=O)O)CCC(=O)O)(C)CC(=O)O
Precorrin 3B	CC12CC(=O)OC13C(C4=C(C(=C(N4)CC5=C(C(=C(N5)C=C6C(C(C(=CC(=N3)C2CCC(=O)O)N6)(C)CC(=O)O)CCC(=O)O)CC(=O)O)CCC(=O)O)CCC(=O)O)CC(=O)O)(C)O
Precorrin 4	CC(=O)C12C3=C(C(C(=N3)CC4=C(C(=C(N4)CC5=C(C(C(=N5)C=C(N1)C(C2(C)CC(=O)O)CCC(=O)O)(C)CC(=O)O)CCC(=O)O)CC(=O)O)CCC(=O)O)(C)CCC(=O)O)CC(=O)O
Precorrin 5	CC(=O)C12C3=C(C(C(=N3)CC4=NC(CC5=C(C(C(=N5)C=C(N1)C(C2(C)CC(=O)O)CCC(=O)O)(C)CC(=O)O)CCC(=O)O)(C(=C4CCC(=O)O)CC(=O)O)C)(C)CCC(=O)O)CC(=O)O
Precorrin 6A	CC12CC3=C(C(C(=N3)C=C4C(C(C(N4)(C5=C(C(C(=N5)CC(=N1)C(=C2CC(=O)O)CCC(=O)O)(C)CCC(=O)O)CC(=O)O)C)(C)CC(=O)O)CCC(=O)O)(C)CC(=O)O)CCC(=O)O
Precorrin 6B	CC12CC3=C(C(C(=N3)C=C4C(C(C(N4)(C5C(C(C(=N5)CC(=N1)C(=C2CC(=O)O)CCC(=O)O)(C)CCC(=O)O)CC(=O)O)C)(C)CC(=O)O)CCC(=O)O)(C)CC(=O)O)CCC(=O)O
Precorrin 8	CC1C2=NC(CC3=NC(=C(C4=NC(C5C(C(C1=N5)(C)CCC(=O)O)CC(=O)O)(C(C4CCC(=O)O)(C)CC(=O)O)C)C)C(C3CCC(=O)O)(C)CC(=O)O)(C(=C2CCC(=O)O)C)C
Prephenate	C1=CC(C=CC1O)(CC(=O)C(=O)O)C(=O)O
Presqualene diphosphate	CC(=CCCC(=CCCC(=CC1C(C1(C)CCC=C(C)CCC=C(C)C)COP(=O)(O)OP(=O)(O)O)C)C)C
Propanoyl phosphate	CCC(=O)OP(=O)(O)O
Propanoyl-CoA	CCC(=O)SCCNC(=O)CCNC(=O)C(C(C)(C)COP(=O)(O)OP(=O)(O)OCC1C(C(C(O1)N2C=NC3=C(N=CN=C32)N)O)OP(=O)(O)O)O
Propinol adenylate	CCC(=O)OP(=O)(O)OCC1C(C(C(O1)N2C=NC3=C(N=CN=C32)N)O)O
Propionate (n-C3:0)	
Propionyl-ACP (n-C3:0ACP)	
Protein N6-(lipoyl)lysine	
Protein N6-(octanoyl)lysine	
Protoheme	CC1=C(C2=CC3=C(C(=C([N-]3)C=C4C(=C(C(=N4)C=C5C(=C(C(=N5)C=C1[N-]2)C)C=C)C)C=C)C)CCC(=O)O)CCC(=O)O.[Fe+2]
Protoporphyrin	CC1=C(C2=CC3=NC(=CC4=NC(=CC5=C(C(=C(N5)C=C1N2)C=C)C)C(=C4CCC(=O)O)C)C(=C3C)CCC(=O)O)C=C
Protoporphyrinogen IX	CC1=C2CC3=C(C(=C(N3)CC4=C(C(=C(N4)CC5=C(C(=C(N5)CC(=C1CCC(=O)O)N2)CCC(=O)O)C)C=C)C)C=C)C
Putrescine	C(CCN)CN
Pyridoxal	CC1=NC=C(C(=C1O)C=O)CO
Pyridoxal 5'-phosphate	CC1=NC=C(C(=C1O)C=O)COP(=O)(O)O
Pyridoxamine 5'-phosphate	CC1=NC=C(C(=C1O)CN)COP(=O)(O)O
Pyridoxine	CC1=NC=C(C(=C1O)CO)CO
Pyridoxine 5'-phosphate	CC1=NC=C(C(=C1O)CO)COP(=O)(O)O
Pyruvate	CC(=O)C(=O)[O-]
Quinolinate	C1=CC(=C(N=C1)C(=O)O)C(=O)O
Quinone	C1=CC(=O)C=CC1=O
R-3-hydroxyisopalmitoyl-[acyl-carrier protein]	
R-3-hydroxypalmitoyl-[acyl-carrier protein]	
RNA pseudometabolite	
Raffinose	C(C1C(C(C(C(O1)OCC2C(C(C(C(O2)OC3(C(C(C(O3)CO)O)O)CO)O)O)O)O)O)O)O
Reduced FMN	CC1=CC2=C(C=C1C)N(C3=C(N2)C(=O)NC(=O)N3)CC(C(C(COP(=O)(O)O)O)O)O
Reduced ferredoxin	
Reduced flavodoxin	
Reduced glutathione	C(CC(=O)NC(CS)C(=O)NCC(=O)O)C(C(=O)O)N
Reduced riboflavin	CC1=CC2=C(C=C1C)N(C3=C(N2)C(=O)NC(=O)N3)CC(C(C(CO)O)O)O
Reduced thioredoxin	
Retinal	CC1=C(C(CCC1)(C)C)C=CC(=CC=CC(=CC=O)C)C
Retinol	CC1=C(C(CCC1)(C)C)C=CC(=CC=CC(=CCO)C)C
Ribitol	C(C(C(C(CO)O)O)O)O
Riboflavin	CC1=CC2=C(C=C1C)N(C3=NC(=O)NC(=O)C3=N2)CC(C(C(CO)O)O)O
Ring 1,2-epoxyphenylacetyl-CoA	
S-(hercyn-2-yl)-L-cysteineS-oxide	
S-(hydroxymethyl)glutathione	C(CC(=O)NC(CSCO)C(=O)NCC(=O)O)C(C(=O)O)N
S-1-(4-hydroxyphenyl)-ethanol	CC(C1=CC=C(C=C1)O)O
S-Acetyldihydrolipoamide	CC(=O)SC(CCCCC(=O)N)CCS
S-Adenosyl-4-methylthio-2-oxobutanoate	C[S+](CCC(=O)C(=O)O)CC1C(C(C(O1)N2C=NC3=C(N=CN=C32)N)O)O
S-Adenosyl-L-homocysteine	C1=NC(=C2C(=N1)N(C=N2)C3C(C(C(O3)CSCCC(C(=O)O)N)O)O)N
S-Adenosyl-L-methionine	C[S+](CCC(C(=O)[O-])N)CC1C(C(C(O1)N2C=NC3=C(N=CN=C32)N)O)O
S-Adenosylmethioninamine	C[S+](CCCN)CC1C(C(C(O1)N2C=NC3=C(N=CN=C32)N)O)O
S-Aminomethyldihydrolipoylprotein	
S-formylglutathione	C(CC(=O)NC(CSC=O)C(=O)NCC(=O)O)C(C(=O)O)N
S-formylmycothiol	CC(=O)NC(CSC=O)C(=O)NC1C(C(C(OC1OC2C(C(C(C(C2O)O)O)O)O)CO)O)O
S-hydroxymethylmycothiol	
SCB1: (3S,4R)-3-((R)-1-hydroxy-6-methylheptyl)-4-(hydroxymethyl)dihydrofuran-2(3H)-one	
SCB2: (3S,4R)-4-(hydroxymethyl)-3-((R)-1-hydroxyoctyl)dihydrofuran-2(3H)-one	
SCB3: (3S,4R)-3-((1R)-1-hydroxy-6-methyloctyl)-4-(hydroxymethyl)dihydrofuran-2(3H)-one	
SHCHC	C1=CC(C(C(=C1)C(=O)CCC(=O)O)C(=O)O)O
Salicin 6-phosphate	C1=CC=C(C(=C1)CO)OC2C(C(C(C(O2)COP(=O)(O)O)O)O)O
Sedoheptulose 1,7-bisphosphate	C(C(C(C(C(C(=O)COP(=O)(O)O)O)O)O)O)OP(=O)(O)O
Sedoheptulose 7-phosphate	C(C(C(C(C(C(=O)CO)O)O)O)O)OP(=O)(O)O
Selenite	[O-][Se](=O)[O-]
Selenodiglutathione	C(CC(=O)NC(CS[Se]SCC(C(=O)NCC(=O)O)NC(=O)CCC(C(=O)O)N)C(=O)NCC(=O)O)C(C(=O)O)N
Selenophosphoric acid	OP(=[Se])(O)O
Serotonin	C1=CC2=C(C=C1O)C(=CN2)CCN
Shikimate	C1C(C(C(C=C1C(=O)O)O)O)O
Shikimate 5-phosphate	C1C(C(C(C=C1C(=O)O)OP(=O)(O)O)O)O
Siroheme	CC1(C(C2=CC3=NC(=CC4=C(C(=C([N-]4)C=C5C(C(C(=N5)C=C1[N-]2)CCC(=O)O)(C)CC(=O)O)CC(=O)O)CCC(=O)O)C(=C3CC(=O)O)CCC(=O)O)CCC(=O)O)CC(=O)O.[Fe+2]
Sodium	[Na]
Sorbitol 6-phosphate	C(C(C(C(C(COP(=O)(O)O)O)O)O)O)O
Spermidine	C(CCNCCCN)CN
Spermine	C(CCNCCCN)CNCCCN
Sphinganine 1-phosphate	CCCCCCCCCCCCCCCC(C(COP(=O)(O)O)N)O
Squalene	CC(=CCCC(=CCCC(=CCCC=C(C)CCC=C(C)CCC=C(C)C)C)C)C
Stearoyl-CoA (n-C18:0CoA)	
Succinate	C(CC(=O)[O-])C(=O)[O-]
Succinic semialdehyde	C(CC(=O)O)C=O
Succinyl-CoA	CC(C)(COP(=O)(O)OP(=O)(O)OCC1C(C(C(O1)N2C=NC3=C(N=CN=C32)N)O)OP(=O)(O)O)C(C(=O)NCCC(=O)NCCSC(=O)CCC(=O)O)O
Sucrose	C(C1C(C(C(C(O1)OC2(C(C(C(O2)CO)O)O)CO)O)O)O)O
Sucrose 6-phosphate	C(C1C(C(C(O1)(CO)OC2C(C(C(C(O2)COP(=O)(O)O)O)O)O)O)O)O
SufBCD scaffold complex	
SufBCD with bound [2Fe-2S] cluster	
SufBCD with bound [4Fe-4S] cluster	
SufBCD with two bound [2Fe-2S] clusters	
SufSE sulfur acceptor complex	
SufSE with bound sulfur	
Sulfate	[O-]S(=O)(=O)[O-]
Sulfite	[O-]S(=O)[O-]
Sulfur dioxide	O=S=O
Superoxide anion	[O-][O]
TDP-L-paulomycose	
THF-L-glutamate	C1C(NC2=C(N1)N=C(NC2=O)N)CNC3=CC=C(C=C3)C(=O)NC(CCC(=O)NC(CCC(=O)O)C(=O)O)C(=O)O
Taurine	C(CS(=O)(=O)O)N
Tetradecanoyl-CoA (n-C14:0CoA)	
Tetradecanoyl-[acp]	
Tetradecanoyl-phosphate (n-C14:0)	
Tetradecanoyl-phosphate (n-C14:1)	
Tetradecenoyl-CoA (n-C14:1CoA)	
Tetrahydropteroyltri-L-glutamate	C1C(NC2=C(N1)N=C(NC2=O)N)CNC3=CC=C(C=C3)C(=O)NC(CCC(=O)NC(CCC(=O)NC(CCC(=O)O)C(=O)O)C(=O)O)C(=O)O
Thiamin	CC1=C(SC=[N+]1CC2=CN=C(N=C2N)C)CCO
Thiamin monophosphate	CC1=C(SC=[N+]1CC2=CN=C(N=C2N)C)CCOP(=O)(O)O
Thiamine diphosphate	CC1=C(SC=[N+]1CC2=CN=C(N=C2N)C)CCOP(=O)(O)OP(=O)(O)O
Thiocyanate	C(#N)[S-]
Thiosulfate	
Thymidine	CC1=CN(C(=O)NC1=O)C2CC(C(O2)CO)O
Thymine	CC1=CNC(=O)NC1=O
Trehalose	C(C1C(C(C(C(O1)OC2C(C(C(C(O2)CO)O)O)O)O)O)O)O
Triacylglycerol (triante-isoheptadecanoyl, ante-iso-C17:0)	
Triacylglycerol (triante-isopentadecanoyl, ante-iso-C15:0)	
Triacylglycerol (trihexadec-9-enoyl, n-C16:1)	
Triacylglycerol (trihexadecanoyl, n-C16:0)	
Triacylglycerol (triisoheptadecanoyl, iso-C17:0)	
Triacylglycerol (triisohexadecanoyl, iso-C16:0)	
Triacylglycerol (triisopentadecanoyl, iso-C15:0)	
Triacylglycerol (triisotetradecanoyl, iso-C14:0)	
Triacylglycerol (tripentadecanoyl, n-C15:0)	
Triacylglycerol (tritetradecanoyl, n-C14:0)	
Tridecanoyl-ACP (n-C13:0ACP)	
Tryptamine	C1=CC=C2C(=C1)C(=CN2)CCN
Tungstate	[O-][W](=O)(=O)[O-]
Tyramine	C1=CC(=CC=C1CCN)O
UDP	C1=CN(C(=O)NC1=O)C2C(C(C(O2)COP(=O)(O)OP(=O)(O)O)O)O
UDP-D-glucuronate	C1=CN(C(=O)NC1=O)C2C(C(C(O2)COP(=O)(O)OP(=O)(O)OC3C(C(C(C(O3)C(=O)O)O)O)O)O)O
UDP-N-acetyl-3-O-(1-carboxyvinyl)-D-glucosamine	CC(=O)NC1C(C(C(OC1OP(=O)(O)OP(=O)(O)OCC2C(C(C(O2)N3C=CC(=O)NC3=O)O)O)CO)O)OC(=C)C(=O)O
UDP-N-acetyl-D-glucosamine	CC(=O)NC1C(C(C(OC1OP(=O)(O)OP(=O)(O)OCC2C(C(C(O2)N3C=CC(=O)NC3=O)O)O)CO)O)O
UDP-N-acetyl-D-mannosamine	CC(=O)NC1C(C(C(OC1OP(=O)(O)OP(=O)(O)OCC2C(C(C(O2)N3C=CC(=O)NC3=O)O)O)CO)O)O
UDP-N-acetyl-D-mannosaminouronate	CC(=O)NC1C(C(C(OC1OP(=O)(O)OP(=O)(O)OCC2C(C(C(O2)N3C=CC(=O)NC3=O)O)O)C(=O)O)O)O
UDP-N-acetyl-alpha-D-muramoyl-L-alanyl-gamma-D-glutamyl-L-lysine	CC(C(=O)NC(CCC(=O)NC(CCCC[NH3+])C(=O)[O-])C(=O)[O-])NC(=O)C(C)OC1C(C(OC(C1O)CO)OP(=O)([O-])OP(=O)([O-])OCC2C(C(C(O2)N3C=CC(=O)NC3=O)O)O)NC(=O)C
UDP-N-acetyl-alpha-D-muramoyl-L-alanyl-gamma-D-glutamyl-L-lysyl-D-alanyl-D-alanine	CC(C(=O)NC(CCC(=O)NC(CCCCN)C(=O)NC(C)C(=O)NC(C)C(=O)O)C(=O)O)NC(=O)C(C)OC1C(C(OC(C1O)CO)OP(=O)(O)OP(=O)(O)OCC2C(C(C(O2)N3C=CC(=O)NC3=O)O)O)NC(=O)C
UDP-N-acetylmuramate	CC(C(=O)O)OC1C(C(OC(C1O)CO)OP(=O)(O)OP(=O)(O)OCC2C(C(C(O2)N3C=CC(=O)NC3=O)O)O)NC(=O)C
UDP-N-acetylmuramoyl-L-alanine	CC(C(=O)O)NC(=O)C(C)OC1C(C(OC(C1O)CO)OP(=O)(O)OP(=O)(O)OCC2C(C(C(O2)N3C=CC(=O)NC3=O)O)O)NC(=O)C
UDP-N-acetylmuramoyl-L-alanyl-D-gamma-glutamyl-meso-2,6-diaminopimelate	CC(C(=O)NC(CCC(=O)NC(CCCC(C(=O)O)N)C(=O)O)C(=O)O)NC(=O)C(C)OC1C(C(OC(C1O)CO)OP(=O)(O)OP(=O)(O)OCC2C(C(C(O2)N3C=CC(=O)NC3=O)O)O)NC(=O)C
UDP-N-acetylmuramoyl-L-alanyl-D-gamma-glutamyl-meso-2,6-diaminopimelate-D-alanine	
UDP-N-acetylmuramoyl-L-alanyl-D-glutamate	CC(C(=O)NC(CCC(=O)O)C(=O)O)NC(=O)C(C)OC1C(C(OC(C1O)CO)OP(=O)(O)OP(=O)(O)OCC2C(C(C(O2)N3C=CC(=O)NC3=O)O)O)NC(=O)C
UDP-N-acetylmuramoyl-L-alanyl-D-glutamyl-meso-2,6-diaminopimeloyl-D-alanyl-D-alanine	CC(C(=O)NC(CCC(=O)NC(CCCC(C(=O)O)N)C(=O)NC(C)C(=O)NC(C)C(=O)O)C(=O)O)NC(=O)C(C)OC1C(C(OC(C1O)CO)OP(=O)(O)OP(=O)(O)OCC2C(C(C(O2)N3C=CC(=O)NC3=O)O)O)NC(=O)C
UDPgalactose	C1=CN(C(=O)NC1=O)C2C(C(C(O2)COP(=O)(O)OP(=O)(O)OC3C(C(C(C(O3)CO)O)O)O)O)O
UDPglucose	C1=CN(C(=O)NC1=O)C2C(C(C(O2)COP(=O)(O)OP(=O)(O)OC3C(C(C(C(O3)CO)O)O)O)O)O
UMP	C1=CN(C(=O)NC1=O)C2C(C(C(O2)COP(=O)(O)O)O)O
UTP	C1=CN(C(=O)NC1=O)C2C(C(C(O2)COP(=O)(O)OP(=O)(O)OP(=O)(O)O)O)O
Ubiquinone	CC1=C(C(=O)C(=C(C1=O)OC)OC)CC=C(C)CCC=C(C)CCC=C(C)CCC=C(C)CCC=C(C)CCC=C(C)CCC=C(C)CCC=C(C)CCC=C(C)CCC=C(C)C
Undecanoyl-ACP (n-C11:0ACP)	
Undecaprenyl diphosphate	CC(=CCCC(=CCCC(=CCCC(=CCCC(=CCCC(=CCCC(=CCCC(=CCCC(=CCCC(=CCCC(=CCOP(=O)(O)OP(=O)(O)O)C)C)C)C)C)C)C)C)C)C)C
Undecaprenyl phosphate	CC(=CCCC(=CCCC(=CCCC(=CCCC(=CCCC(=CCCC(=CCCC(=CCCC(=CCCC(=CCCC(=CCOP(=O)(O)O)C)C)C)C)C)C)C)C)C)C)C
Undecaprenyl-diphospho-N-acetylmuramoyl-(N-acetylglucosamine)-L-ala-D-glu-meso-2,6-diaminopimeloyl-D-ala-D-ala	
Undecaprenyl-diphospho-N-acetylmuramoyl-(N-acetylglucosamine)-L-alanyl-D-isoglutaminyl-L-lysyl-D-alanyl-D-alanine	CC(C(=O)NC(CCC(=O)NC(CCCCN)C(=O)NC(C)C(=O)NC(C)C(=O)O)C(=O)N)NC(=O)C(C)OC1C(C(OC(C1OC2C(C(C(C(O2)CO)O)O)NC(=O)C)CO)OP(=O)(O)OP(=O)(O)OCC=C(C)CCC=C(C)CCC=C(C)CCC=C(C)CCC=C(C)CCC=C(C)CCC=C(C)CCC=C(C)CCC=C(C)CCC=C(C)CCC=C(C)C)NC(=O)C
Undecaprenyl-diphospho-N-acetylmuramoyl-(N-acetylglucosamine)-L-alanyl-gamma-D-glutamyl-L-lysyl-D-alanyl-D-alanine	CC(C(=O)NC(CCC(=O)NC(CCCCN)C(=O)NC(C)C(=O)NC(C)C(=O)O)C(=O)O)NC(=O)C(C)OC1C(C(OC(C1OC2C(C(C(C(O2)CO)O)O)NC(=O)C)CO)OP(=O)(O)OP(=O)(O)OCC=C(C)CCC=C(C)CCC=C(C)CCC=C(C)CCC=C(C)CCC=C(C)CCC=C(C)CCC=C(C)CCC=C(C)CCC=C(C)CCC=C(C)C)NC(=O)C
Undecaprenyl-diphospho-N-acetylmuramoyl-L-alanyl-D-glutamyl-meso-2,6-diaminopimeloyl-D-alanyl-D-alanine	CC(C(=O)NC(CCC(=O)NC(CCCC(C(=O)O)N)C(=O)NC(C)C(=O)NC(C)C(=O)O)C(=O)O)NC(=O)C(C)OC1C(C(OC(C1O)CO)OP(=O)(O)OP(=O)(O)OCC=C(C)CCC=C(C)CCC=C(C)CCC=C(C)CCC=C(C)CCC=C(C)CCC=C(C)CCC=C(C)CCC=C(C)CCC=C(C)CCC=C(C)C)NC(=O)C
Uracil	C1=CNC(=O)NC1=O
Urate	C12=C(NC(=O)N1)NC(=O)NC2=O
Urea	C(=O)(N)N
Uridine	C1=CN(C(=O)NC1=O)C2C(C(C(O2)CO)O)O
Urocanate	C1=C(NC=N1)C=CC(=O)O
Uroporphyrinogen I	C1C2=C(C(=C(N2)CC3=C(C(=C(N3)CC4=C(C(=C(N4)CC5=C(C(=C1N5)CC(=O)O)CCC(=O)O)CC(=O)O)CCC(=O)O)CC(=O)O)CCC(=O)O)CC(=O)O)CCC(=O)O
Uroporphyrinogen III	C1C2=C(C(=C(N2)CC3=C(C(=C(N3)CC4=C(C(=C(N4)CC5=C(C(=C1N5)CCC(=O)O)CC(=O)O)CC(=O)O)CCC(=O)O)CC(=O)O)CCC(=O)O)CC(=O)O)CCC(=O)O
Vanillate	COC1=C(C=CC(=C1)C(=O)O)[O-]
XTP	C1=NC2=C(N1C3C(C(C(O3)COP(=O)(O)OP(=O)(O)OP(=O)(O)O)O)O)NC(=O)NC2=O
Xanthine	C1=NC2=C(N1)C(=O)NC(=O)N2
Xanthosine	C1=NC2=C(N1C3C(C(C(O3)CO)O)O)NC(=O)NC2=O
Xanthosine 5'-phosphate	C1=NC2=C(N1C3C(C(C(O3)COP(=O)(O)O)O)O)NC(=O)NC2=O
Xylitol	C(C(C(C(CO)O)O)O)O
Zinc	[Zn]
[2Fe-1S] desulfurated iron-sulfur cluster	
[2Fe-2S] iron-sulfur cluster	
[4Fe-4S] iron-sulfur cluster	
[Dihydrolipoyllysine-residue succinyltransferase] S-succinyldihydrolipoyllysine	
[Enzyme]-S-sulfanylcysteine	
[Enzyme]-cysteine	
[L-Glutamate:ammonia ligase (ADP-forming)]	
acetoacetyl-MmyA	
acrylamide	C=CC(=O)N
acrylate	C=CC(=O)[O-]
acyl carrier protein	
acyl carrier protein (specific to CDA)	
acyl carrier protein (specific to RED(redL))	
acyl carrier protein (specific to RED(redN))	
acyl carrier protein (specific to RED(redQ))	
acyl carrier protein (specific to actinorhodin PKS)	
adenosyl-cobyric acid	
adenosylhopane	CC(CCC1C(C(C(O1)N2C=NC3=C(N=CN=C32)N)O)O)C4CCC5(C4CCC6(C5CCC7C6(CCC8C7(CCCC8(C)C)C)C)C)C
all-trans-4,4'-diapolycopene	
all-trans-Heptaprenyl diphosphate	CC(=CCCC(=CCCC(=CCCC(=CCCC(=CCCC(=CCCC(=CCOP(=O)(O)OP(=O)(O)O)C)C)C)C)C)C)C
all-trans-Hexaprenyl diphosphate	CC(=CCCC(=CCCC(=CCCC(=CCCC(=CCCC(=CCOP(=O)(O)OP(=O)(O)O)C)C)C)C)C)C
all-trans-Nonaprenyl diphosphate	CC(=CCCC(=CCCC(=CCCC(=CCCC(=CCCC(=CCCC(=CCCC(=CCCC(=CCOP(=O)(O)OP(=O)(O)O)C)C)C)C)C)C)C)C)C
all-trans-Octaprenyl diphosphate	CC(=CCCC(=CCCC(=CCCC(=CCCC(=CCCC(=CCCC(=CCCC(=CCOP(=O)(O)OP(=O)(O)O)C)C)C)C)C)C)C)C
all-trans-Pentaprenyl diphosphate	CC(=CCCC(=CCCC(=CCCC(=CCCC(=CCOP(=O)(O)OP(=O)(O)O)C)C)C)C)C
all-trans-beta-carotene	CC1=C(C(CCC1)(C)C)C=CC(=CC=CC(=CC=CC=C(C)C=CC=C(C)C=CC2=C(CCCC2(C)C)C)C)C
all-trans-lycopene	CC(=CCCC(=CC=CC(=CC=CC(=CC=CC=C(C)C=CC=C(C)C=CC=C(C)CCC=C(C)C)C)C)C)C
all-trans-zeta-carotene	CC(=CCCC(=CCCC(=CC=CC(=CC=CC=C(C)C=CC=C(C)CCC=C(C)CCC=C(C)C)C)C)C)C
all-transneurosporene	
all-transphytofluene	
alpha,alpha'-Trehalose 6-phosphate	C(C1C(C(C(C(O1)OC2C(C(C(C(O2)COP(=O)(O)O)O)O)O)O)O)O)O
alpha-Aminopropiononitrile	CC(C#N)N
alpha-D-Galactose	C(C1C(C(C(C(O1)O)O)O)O)O
alpha-D-Galactose 1-phosphate	C(C1C(C(C(C(O1)OP(=O)(O)O)O)O)O)O
alpha-D-Glucose	C(C1C(C(C(C(O1)O)O)O)O)O
alpha-D-Glucose 6-phosphate	C(C1C(C(C(C(O1)O)O)O)O)OP(=O)(O)O
alpha-D-Ribose 1-phosphate	C(C1C(C(C(O1)OP(=O)(O)O)O)O)O
alpha-D-Ribose 5-phosphate	C(C1C(C(C(O1)O)O)O)OP(=O)(O)O
alpha-D-glucosyl-(1,2)-beta-D-glucuronate-(1,2)-alpha-D-mannosyl-(1,3)-beta-D-glucosyl-(1,4)-alpha-D-glucosyl-diphosphoundecaprenol	CC=C(C)CCC=C(C)CCC=C(C)CCC=C(C)CCC=C(C)CCC=C(C)CCC=C(C)CCC=C(C)CCC=C(C)CCC=C(C)CCC=C(C)COP(=O)([O-])OP(=O)([O-])OC1C(C(C(C(O1)CO)OC2C(C(C(C(O2)CO)O)OC3C(C(C(C(O3)CO)O)O)OC4C(C(C(C(O4)C(=O)[O-])OC5C(C(C(C(O5)CO)O)O)O)O)O)O)O)O
alpha-D-ribose-1-methylphosphonate-5-triphosphate	CP(=O)([O-])OC1C(C(C(O1)COP(=O)([O-])OP(=O)([O-])OP(=O)([O-])[O-])O)O
alpha-Kdo-(2->4)-alpha-Kdo-(2->6)-(lauroyl)-lipidIVA	
alpha-Kdo-(2->4)-alpha-Kdo-(2->6)-lipidIVA	
aminobacteriohopanetriol	CC(CCC(C(C(CN)O)O)O)C1CCC2(C1CCC3(C2CCC4C3(CCC5C4(CCCC5(C)C)C)C)C)C
anthraniloyl-CoA	CC(C)(COP(=O)(O)OP(=O)(O)OCC1C(C(C(O1)N2C=NC3=C(N=CN=C32)N)O)OP(=O)(O)O)C(C(=O)NCCC(=O)NCCSC(=O)C4=CC=CC=C4N)O
apoprotein [acyl carrier protein]	
apoprotein [acyl carrier protein] (ACT)	
apoprotein [acyl carrier protein] (CDA)	
apoprotein [acyl carrier protein] (RED - redL)	
apoprotein [acyl carrier protein] (RED - redN)	
apoprotein [acyl carrier protein] (RED - redQ)	
apoprotein [acyl carrier protein] (cpk)	
arsenate	
arsenite	
ascorbate	C(C(C1C(=C(C(=O)O1)O)O)O)O
benzaldehyde	C1=CC=C(C=C1)C=O
benzamide	C1=CC=C(C=C1)C(=O)N
benzoate	C1=CC=C(C=C1)C(=O)[O-]
beta-Alanine	C(CN)C(=O)O
beta-D-Fructose	C(C1C(C(C(O1)(CO)O)O)O)O
beta-D-Fructose 1,6-bisphosphate	C(C1C(C(C(O1)(COP(=O)(O)O)O)O)O)OP(=O)(O)O
beta-D-Fructose 6-phosphate	C(C1C(C(C(O1)(CO)O)O)O)OP(=O)(O)O
beta-D-GlcA-(1rarr2)-alpha-D-Man-(1rarr3)-beta-D-Glc-(1rarr4)-alpha-D-Glc-1-diphospho-ditrans,octacis-undecaprenol	
beta-D-glucopyranose1-phosphate	
beta-D-glucose	C(C1C(C(C(C(O1)O)O)O)O)O
beta-D-glucose-6-phosphate	C(C1C(C(C(C(O1)O)O)O)O)OP(=O)(O)O
beta-Farnesene	CC(=CCCC(=CCCC(=C)C=C)C)C
beta-keto-beta-pyrrolyl-propanoyl-[acyl-carrier-protein] (redN)	
biomass	
bis-molybdenum cofactor	
bis-molybdopterin guanine dinucleotide	
bis-molybdopterin mono-guanine dinucleotide	
branching glycogen	
butanoate	CCCC(=O)[O-]
cAMP	C1C2C(C(C(O2)N3C=NC4=C(N=CN=C43)N)O)OP(=O)(O1)O
calcium-dependent antibiotics intermediate 1	
carbohydrate pseudometabolite	
carbonmonoxide	
cardiolipin (ante-isotetraheptadecanoyl, ante-iso-C17:0)	
cardiolipin (ante-isotetrapentadecanoyl, ante-iso-C15:0)	
cardiolipin (isotetraheptadecanoyl, iso-C17:0)	
cardiolipin (isotetrahexadecanoyl, iso-C16:0)	
cardiolipin (isotetraoctadecanoyl, iso-C18:0)	
cardiolipin (isotetrapentadecanoyl, iso-C15:0)	
cardiolipin (isotetratetradecanoyl, iso-C14:0)	
cardiolipin (tetradodecanoyl, n-C12:0)	
cardiolipin (tetraheptadecanoyl, n-C17:0)	
cardiolipin (tetrahexadec-9-enoyl, n-C16:1)	CCCCCCC=CCCCCCCCC(=O)OCC(COP(=O)(O)OCC(COP(=O)(O)OCC(COC(=O)CCCCCCCC=CCCCCCC)OC(=O)CCCCCCCC=CCCCCCC)O)OC(=O)CCCCCCCC=CCCCCCC
cardiolipin (tetrahexadecanoyl, n-C16:0)	CCCCCCCCCCCCCCCC(=O)OCC(COP(=O)([O-])OCC(COP(=O)([O-])OCC(COC(=O)CCCCCCCCCCCCCCC)OC(=O)CCCCCCCCCCCCCCC)O)OC(=O)CCCCCCCCCCCCCCC
cardiolipin (tetraoctadec-11-enoyl, n-C18:1)	CCCCCCC=CCCCCCCCCCC(=O)OCC(COP(=O)(O)OCC(COP(=O)(O)OCC(COC(=O)CCCCCCCCCC=CCCCCCC)OC(=O)CCCCCCCCCC=CCCCCCC)O)OC(=O)CCCCCCCCCC=CCCCCCC
cardiolipin (tetraoctadecanoyl, n-C18:0)	
cardiolipin (tetrapentadecanoyl, n-C15:0)	
cardiolipin (tetratetradec-7-enoyl, n-C14:1)	
cardiolipin (tetratetradecanoyl, n-C14:0)	CCCCCCCCCCCCCC(=O)OCC(COP(=O)([O-])OCC(COP(=O)([O-])OCC(COC(=O)CCCCCCCCCCCCC)OC(=O)CCCCCCCCCCCCC)O)OC(=O)CCCCCCCCCCCCC
cell wall pseudometabolite	
chitobiose	
chloroacetate	C(C(=O)[O-])Cl
chlorophyllidea	
cholate	CC(CCC(=O)O)C1CCC2C1(C(CC3C2C(CC4C3(CCC(C4)O)C)O)O)C
cholest-4-en-3-one	CC(C)CCCC(C)C1CCC2C1(CCC3C2CCC4=CC(=O)CCC34C)C
cholesterol	CC(C)CCCC(C)C1CCC2C1(CCC3C2CC=C4C3(CCC(C4)O)C)C
chorismate	C=C(C(=O)O)OC1C=C(C=CC1O)C(=O)O
cis-2-Hydroxycinnamate	C1=CC=C(C(=C1)C=CC(=O)O)O
cis-4-hydroxy-D-proline	C1C(CNC1C(=O)O)O
cis-Aconitate	C(C(=CC(=O)O)C(=O)O)C(=O)O
cis-beta-D-Glucosyl-2-hydroxycinnamate	C1=CC=C(C(=C1)C=CC(=O)O)OC2C(C(C(C(O2)CO)O)O)O
cis-dec-3-enoyl-[acyl-carrier protein] (n-C10:1)	
cis-dodec-5-enoyl-[acyl-carrier protein] (n-C12:1)	
cis-hexadec-9-enoyl-[acyl-carrier protein] (n-C16:1)	
cis-octadec-11-enoyl-[acyl-carrier protein] (n-C18:1)	
cis-tetradec-7-enoyl-[acyl-carrier protein] (n-C14:1)	
cobalt-dihydro-precorrin 6	CC12CC3=C(C(C(=N3)C=C4C(C(C([N-]4)(C5C(C(C(=N5)CC(=N1)C(=C2CC(=O)O)CCC(=O)O)(C)CCC(=O)O)CC(=O)O)C)(C)CC(=O)O)CCC(=O)O)(C)CC(=O)O)CCC(=O)O.[Co]
cobalt-precorrin 6	CC12CC3=C(C(C(=N3)C=C4C(C(C([N-]4)(C5=C(C(C(=N5)CC(=N1)C(=C2CC(=O)O)CCC(=O)O)(C)CCC(=O)O)CC(=O)O)C)(C)CC(=O)O)CCC(=O)O)(C)CC(=O)O)CCC(=O)O.[Co]
cobalt-precorrin 8	CC1C2=NC(CC3=C(C(C(=N3)C(=C4C(C(C([N-]4)(C5C(C(C1=N5)(C)CCC(=O)O)CC(=O)O)C)(C)CC(=O)O)CCC(=O)O)C)(C)CC(=O)O)CCC(=O)O)(C(=C2CCC(=O)O)C)C.[Co]
coumaric acid	
coumaroyl CoA	
creatinine	CN1CC(=O)N=C1N
cyanate	C(=[N-])=O
cyclic pyranopterin monophosphate	C1C2C(C(C3C(O2)NC4=C(N3)C(=O)NC(=N4)N)(O)O)OP(=O)(O1)O
cyclohex-1,5-diene-1-carbonyl-CoA	CC(C)(COP(=O)(O)OP(=O)(O)OCC1C(C(C(O1)N2C=NC3=C(N=CN=C32)N)O)OP(=O)(O)O)C(C(=O)NCCC(=O)NCCSC(=O)C4=CCCC=C4)O
cyclohex-1-ene-1-carbonyl-CoA	CC(C)(COP(=O)(O)OP(=O)(O)OCC1C(C(C(O1)N2C=NC3=C(N=CN=C32)N)O)OP(=O)(O)O)C(C(=O)NCCC(=O)NCCSC(=O)C4=CCCCC4)O
cyclohexanol	C1CCC(CC1)O
cyclohexanone	C1CCC(=O)CC1
dADP	C1C(C(OC1N2C=NC3=C(N=CN=C32)N)COP(=O)(O)OP(=O)(O)O)O
dAMP	C1C(C(OC1N2C=NC3=C(N=CN=C32)N)COP(=O)(O)O)O
dATP	C1C(C(OC1N2C=NC3=C(N=CN=C32)N)COP(=O)(O)OP(=O)(O)OP(=O)(O)O)O
dCDP	C1C(C(OC1N2C=CC(=NC2=O)N)COP(=O)(O)OP(=O)(O)O)O
dCMP	C1C(C(OC1N2C=CC(=NC2=O)N)COP(=O)(O)O)O
dCTP	C1C(C(OC1N2C=CC(=NC2=O)N)COP(=O)(O)OP(=O)(O)OP(=O)(O)O)O
dGDP	C1C(C(OC1N2C=NC3=C2N=C(NC3=O)N)COP(=O)(O)OP(=O)(O)O)O
dGMP	C1C(C(OC1N2C=NC3=C2N=C(NC3=O)N)COP(=O)(O)O)O
dGTP	C1C(C(OC1N2C=NC3=C2N=C(NC3=O)N)COP(=O)(O)OP(=O)(O)OP(=O)(O)O)O
dIMP	
dITP	C1C(C(OC1N2C=NC3=C2N=CNC3=O)COP(=O)(O)OP(=O)(O)OP(=O)(O)O)O
dTDP	CC1=CN(C(=O)NC1=O)C2CC(C(O2)COP(=O)(O)OP(=O)(O)O)O
dTDP-2,6-dideoxy-D-glycero-hex-2-enos-4-ulose	CC1C(=O)C(=CC(O1)OP(=O)(O)OP(=O)(O)OCC2C(CC(O2)N3C=C(C(=O)NC3=O)C)O)O
dTDP-3,4-didehydro-2,6-dideoxy-alpha-D-glucose	CC1C(=O)C(=O)CC(O1)OP(=O)(O)OP(=O)(O)OCC2C(CC(O2)N3C=C(C(=O)NC3=O)C)O
dTDP-3-O-methyl-4-oxo-2,6-dideoxy-L-mannose	CC1C(=O)C(CC(O1)OP(=O)(O)OP(=O)(O)OCC2C(CC(O2)N3C=C(C(=O)NC3=O)C)O)OC
dTDP-4-dehydro-2,6-dideoxy-L-mannose	
dTDP-4-dehydro-2,6-dideoxy-alpha-D-allose	CC1C(=O)C(CC(O1)OP(=O)([O-])OP(=O)([O-])OCC2C(CC(O2)N3C=C(C(=O)NC3=O)C)O)O
dTDP-4-dehydro-2,6-dideoxy-alpha-D-threo-hexopyranose	CC1C(=O)C(CC(O1)OP(=O)([O-])OP(=O)([O-])OCC2C(CC(O2)N3C=C(C(=O)NC3=O)C)O)O
dTDP-4-dehydro-6-deoxy-D-glucose	CC1C(=O)C(C(C(O1)OP(=O)(O)OP(=O)(O)OCC2C(CC(O2)N3C=C(C(=O)NC3=O)C)O)O)O
dTDP-galactose	CC1=CN(C(=O)NC1=O)C2CC(C(O2)COP(=O)(O)OP(=O)(O)OC3C(C(C(C(O3)CO)O)O)O)O
dTDPallose	
dTDPglucose	CC1=CN(C(=O)NC1=O)C2CC(C(O2)COP(=O)(O)OP(=O)(O)OC3C(C(C(C(O3)CO)O)O)O)O
dTMP	CC1=CN(C(=O)NC1=O)C2CC(C(O2)COP(=O)(O)O)O
dTTP	CC1=CN(C(=O)NC1=O)C2CC(C(O2)COP(=O)(O)OP(=O)(O)OP(=O)(O)O)O
dUDP	C1C(C(OC1N2C=CC(=O)NC2=O)COP(=O)(O)OP(=O)(O)O)O
dUMP	C1C(C(OC1N2C=CC(=O)NC2=O)COP(=O)(O)O)O
dUTP	C1C(C(OC1N2C=CC(=O)NC2=O)COP(=O)(O)OP(=O)(O)OP(=O)(O)O)O
de-Hypoxanthine futalosine	C1=CC(=CC(=C1)C(=O)O)C(=O)CCC2C(C(C(O2)O)O)O
dehydroglycine	C(=N)C(=O)O
desferrioxamineG1	
dihydrolipoamide	C(CCC(=O)N)CC(CCS)S
dihydrosirohydrochlorin	CC1(C(C2=CC3=NC(=CC4=C(C(=C(N4)CC5=C(C(=C(N5)C=C1N2)CC(=O)O)CCC(=O)O)CCC(=O)O)CC(=O)O)C(C3(C)CC(=O)O)CCC(=O)O)CCC(=O)O)CC(=O)O
dimethyl telluride	C[Te]C
enterobactin	C1C(C(=O)OCC(C(=O)OCC(C(=O)O1)NC(=O)C2=C(C(=CC=C2)O)O)NC(=O)C3=C(C(=CC=C3)O)O)NC(=O)C4=C(C(=CC=C4)O)O
epsilon-caprolactone	C1CCC(=O)OCC1
ethyl tellurac	CCN(CC)C(=S)S[Te](SC(=S)N(CC)CC)(SC(=S)N(CC)CC)SC(=S)N(CC)CC
flaviolin	C1=C(C=C(C2=C1C(=O)C(=O)C=C2O)O)O
formylhopane	
fucose	CC1C(C(C(C(O1)O)O)O)O
fusaric acid	CCCCC1=CN=C(C=C1)C(=O)O
futalosine	C1=CC(=CC(=C1)C(=O)O)C(=O)CCC2C(C(C(O2)N3C=NC4=C3N=CNC4=O)O)O
gallate	C1=C(C=C(C(=C1O)O)O)C(=O)O
gamma-Amino-gamma-cyanobutanoate	C(CC(=O)O)C(C#N)N
gamma-L-glutamyl-L-cysteine	C(CC(=O)NC(CS)C(=O)O)C(C(=O)O)N
gamma-L-glutamyl-S-(hercyn-2-yl)-L-cysteineS-oxide	
gamma-carotene	CC1=C(C(CCC1)(C)C)C=CC(=CC=CC(=CC=CC=C(C)C=CC=C(C)C=CC=C(C)CCC=C(C)C)C)C
gamma-glutamyl-L-putrescine	C(CCNC(=O)CCC(C(=O)O)N)CN
geranial	CC(=CCCC(=CC=O)C)C
geraniol	CC(=CCCC(=CCO)C)C
glycerol teichoic acid (n=25), unlinked, D-ala substituted	
glycerol teichoic acid (n=25), unlinked, glucose substituted	
glycerol teichoic acid (n=25), unlinked, unsubstituted	
glycerolteichoicacid(n=25),unlinked,glucosesubstituted	
glycogen	C(C1C(C(C(C(O1)OCC2C(C(C(C(O2)OC3C(OC(C(C3O)O)O)CO)O)O)OC4C(C(C(C(O4)CO)O)O)O)O)O)O)O
heptadecanoate (n-C17:0)	
heptadecanoyl-phosphate (n-C17:0)	
hercynine	C[N+](C)(C)C(CC1=CN=CN1)C(=O)[O-]
hydroxysqualene	CC(=CCCC(=CCCC(=CCC(C=C(C)CCC=C(C)CCC=C(C)C)O)C)C)C
indole-3-acetamide	C1=CC=C2C(=C1)C(=CN2)CC(=O)N
indole-3-acetate	C1=CC=C2C(=C1)C(=CN2)CC(=O)[O-]
itaconate	C=C(CC(=O)O)C(=O)O
itaconyl-CoA	CC(C)(COP(=O)(O)OP(=O)(O)OCC1C(C(C(O1)N2C=NC3=C(N=CN=C32)N)O)OP(=O)(O)O)C(C(=O)NCCC(=O)NCCSC(=O)CC(=C)C(=O)O)O
lipid pseudometabolite	
lipoamide	C1CSSC1CCCCC(=O)N
lipoyl-AMP	C1CSSC1CCCCC(=O)OP(=O)(O)OCC2C(C(C(O2)N3C=NC4=C(N=CN=C43)N)O)O
m-toluate	CC1=CC(=CC=C1)C(=O)[O-]
magnesium	[Mg]
malonyl-MmyA	
meso-2,6-Diaminoheptanedioate	C(CC(C(=O)O)N)CC(C(=O)O)N
methylenomycin A	CC12C(C(=C)C(=O)C1(O2)C)C(=O)O
methylenomycin B	CC1=C(C(=O)C(=C)C1)C
methylglyoxal	CC(=O)C=O
methylphosphonate	CP(=O)([O-])[O-]
methyltert-butylether	
misc pseudometabolite	
molybdenum cofactor	C(C1C(=C(C2C(O1)NC3=C(N2)C(=O)NC(=N3)N)[S-])[S-])OP(=O)(O)O.O=[Mo+2]=O
molybdopterin	C(C1C(=C(C2C(O1)NC3=C(N2)C(=O)NC(=N3)N)S)S)OP(=O)(O)O
molybdopterin guanine dinucleotide	C1=C(N=C2C(=O)NC(=NC2=N1)N)C(=C(C(COP(=O)(O)OP(=O)(O)OCC3C(C(C(O3)N4C=NC5=C4N=C(NC5=O)N)O)O)O)S)S
mycothiol (reduced)	
mycothiol-arsenateconjugate	
myo-Inositol	C1(C(C(C(C(C1O)O)O)O)O)O
naringenin	C1C(OC2=CC(=CC(=C2C1=O)O)O)C3=CC=C(C=C3)O
naringenin chalcone	C1=CC(=CC=C1C=CC(=O)C2=C(C=C(C=C2O)O)O)O
nickel	[Ni]
nicotinate nucleoside	
nicotine-1'-N-oxide	C[N+]1(CCCC1C2=CN=CC=C2)[O-]
o-Succinylbenzoyl-CoA	CC(C)(COP(=O)(O)OP(=O)(O)OCC1C(C(C(O1)N2C=NC3=C(N=CN=C32)N)O)OP(=O)(O)O)C(C(=O)NCCC(=O)NCCSC(=O)CCC(=O)C4=CC=CC=C4C(=O)O)O
octadecanoate (n-C18:0)	CCCCCCCCCCCCCCCCCC(=O)[O-]
octadecenoate (n-C18:1)	CCCCCCCCC=CCCCCCCCC(=O)[O-]
octanoate (n-C8:0)	CCCCCCCC(=O)[O-]
oleandomycin	CC1CC(C(C(O1)OC2C(CC3(CO3)C(=O)C(C(C(C(OC(=O)C(C(C2C)OC4CC(C(C(O4)C)O)OC)C)C)C)O)C)C)O)N(C)C
oxalate:formate	
p-Cresol	CC1=CC=C(C=C1)O
p-cumate	CC(C)C1=CC=C(C=C1)C(=O)[O-]
p-cumicaldehyde	
paulomycin A	CCC(C)C(=O)OC(C)C1(C(OC(CC1OC)OC2C(C(OC(C2OC(=O)C(=CC)N=C=S)COC(=O)C)C3(CC(=O)C(=N)C(=C3O)C(=O)O)O)O)C)O
paulomycin B	CC=C(C(=O)OC1C(OC(C(C1OC2CC(C(C(O2)C)(C(C)OC(=O)C(C)C)O)OC)O)C3(CC(=O)C(=N)C(=C3O)C(=O)O)O)COC(=O)C)N=C=S
paulomycin E	CC=C(C(=O)OC1C(OC(C(C1OC2CC(C(C(O2)C)(C(=O)C)O)OC)O)C3(CC(=O)C(=N)C(=C3O)C(=O)O)O)COC(=O)C)N=C=S
paulomycin F	CC=C(C(=O)OC1C(OC(C(C1OC2CC(C(C(O2)C)(C(C)O)O)OC)O)C3(CC(=O)C(=N)C(=C3O)C(=O)O)O)COC(=O)C)N=C=S
pentalenolactone	CC1C2C=C(C3C2(C=C1C)C4(CO4)C(=O)OC3)C(=O)O
pentalenolactoneD	
pentalenolactoneF	
peptidyl carrier protein (redO)	
phosphatidylethanolamine (diante-isoheptadecanoyl, ante-iso-C17:0)	
phosphatidylethanolamine (diante-isopentadecanoyl, ante-iso-C15:0)	
phosphatidylethanolamine (didodecanoyl, n-C12:0)	CCCCCCCCCCCC(=O)OCC(COP(=O)([O-])OCC[NH3+])OC(=O)CCCCCCCCCCC
phosphatidylethanolamine (diheptadecanoyl, n-C17:0)	
phosphatidylethanolamine (dihexadec-9enoyl, n-C16:1)	CCCCCCC=CCCCCCCCC(=O)OCC(COP(=O)([O-])OCC[NH3+])OC(=O)CCCCCCCC=CCCCCCC
phosphatidylethanolamine (dihexadecanoyl, n-C16:0)	CCCCCCCCCCCCCCCC(=O)OCC(COP(=O)([O-])OCC[NH3+])OC(=O)CCCCCCCCCCCCCCC
phosphatidylethanolamine (diisoheptadecanoyl, iso-C17:0)	
phosphatidylethanolamine (diisohexadecanoyl, iso-C16:0)	
phosphatidylethanolamine (diisooctadecanoyl, iso-C18:0)	
phosphatidylethanolamine (diisopentadecanoyl, iso-C15:0)	
phosphatidylethanolamine (diisotetradecanoyl, iso-C14:0)	
phosphatidylethanolamine (dioctadec-11-enoyl, n-C18:1)	CCCCCCC=CCCCCCCCCCC(=O)OCC(COP(=O)([O-])OCC[NH3+])OC(=O)CCCCCCCCCC=CCCCCCC
phosphatidylethanolamine (dioctadecanoyl, n-C18:0)	CCCCCCCCCCCCCCCCCC(=O)OCC(COP(=O)([O-])OCC[NH3+])OC(=O)CCCCCCCCCCCCCCCCC
phosphatidylethanolamine (dipentadecanoyl, n-C15:0)	
phosphatidylethanolamine (ditetradec-7-enoyl, n-C14:1)	
phosphatidylethanolamine (ditetradecanoyl, n-C14:0)	CCCCCCCCCCCCCC(=O)OCC(COP(=O)([O-])OCC[NH3+])OC(=O)CCCCCCCCCCCCC
phosphatidylinositol (diante-isoheptadecanoyl, ante-iso-C17:0)	
phosphatidylinositol (diante-isopentadecanoyl, ante-iso-C15:0)	
phosphatidylinositol (didodecanoyl, n-C12:0)	
phosphatidylinositol (diheptadecanoyl, n-C17:0)	
phosphatidylinositol (dihexadec-9enoyl, n-C16:1)	
phosphatidylinositol (dihexadecanoyl, n-C16:0)	
phosphatidylinositol (diisoheptadecanoyl, iso-C17:0)	
phosphatidylinositol (diisohexadecanoyl, iso-C16:0)	
phosphatidylinositol (diisooctadecanoyl, iso-C18:0)	
phosphatidylinositol (diisopentadecanoyl, iso-C15:0)	
phosphatidylinositol (diisotetradecanoyl, iso-C14:0)	
phosphatidylinositol (dioctadec-11-enoyl, n-C18:1)	
phosphatidylinositol (dioctadecanoyl, n-C18:0)	
phosphatidylinositol (dipentadecanoyl, n-C15:0)	
phosphatidylinositol (ditetradec-7-enoyl, n-C14:1)	
phosphatidylinositol (ditetradecanoyl, n-C14:0)	
phosphatidylserine (diante-isoheptadecanoyl, ante-iso-C17:0)	
phosphatidylserine (diante-isopentadecanoyl, ante-iso-C15:0)	
phosphatidylserine (didodecanoyl, n-C12:0)	
phosphatidylserine (diheptadecanoyl, n-C17:0)	
phosphatidylserine (dihexadec-9-enoyl, n-C16:1)	
phosphatidylserine (dihexadecanoyl, n-C16:0)	CCCCCCCCCCCCCCCC(=O)OCC(COP(=O)([O-])OCC(C(=O)[O-])[NH3+])OC(=O)CCCCCCCCCCCCCCC
phosphatidylserine (diisoheptadecanoyl, iso-C17:0)	
phosphatidylserine (diisohexadecanoyl, iso-C16:0)	
phosphatidylserine (diisooctadecanoyl, iso-C18:0)	
phosphatidylserine (diisopentadecanoyl, iso-C15:0)	
phosphatidylserine (diisotetradecanoyl, iso-C14:0)	
phosphatidylserine (dioctadec-11-enoyl, n-C18:1)	
phosphatidylserine (dioctadecanoyl, n-C18:0)	CCCCCCCCCCCCCCCCCC(=O)OCC(COP(=O)([O-])OCC(C(=O)[O-])[NH3+])OC(=O)CCCCCCCCCCCCCCCCC
phosphatidylserine (dipentadecanoyl, n-C15:0)	
phosphatidylserine (ditetradec-7-enoyl, n-C14:1)	
phosphatidylserine (ditetradecanoyl, n-C14:0)	
potassium	[K]
prephytoenediphosphate	
propan-2-ol	CC(C)O
propane-1,3-diamine	C(CN)CN
protein N(pi)-phospho-L-histidine	
protein pseudometabolite	
protochlorophyllidea	
pseudouridine5'-phosphate	
pyrogallol	C1=CC(=C(C(=C1)O)O)O
sirohydrochlorin	CC1(C(C2=NC1=CC3=NC(=CC4=C(C(=C(N4)C=C5C(=C(C(=C2)N5)CC(=O)O)CCC(=O)O)CCC(=O)O)CC(=O)O)C(C3CCC(=O)O)(C)CC(=O)O)CCC(=O)O)CC(=O)O
sn-Glycero-3-phospho-1-inositol	C(C(COP(=O)(O)OC1C(C(C(C(C1O)O)O)O)O)O)O
sn-Glycero-3-phosphocholine	C[N+](C)(C)CCOP(=O)([O-])OCC(CO)O
sn-Glycero-3-phosphoethanolamine	C(COP(=O)(O)OCC(CO)O)N
streptomycin	CC1C(C(C(O1)OC2C(C(C(C(C2O)O)N=C(N)N)O)N=C(N)N)OC3C(C(C(C(O3)CO)O)O)NC)(C=O)O
streptomycin6-phosphate	
tRNA (Glu)	
tRNA(Ala)	
tRNA(Arg)	
tRNA(Asp)	
tRNA(Cys)	
tRNA(Gln)	
tRNA(Gly)	
tRNA(His)	
tRNA(Ile)	
tRNA(Leu)	
tRNA(Lys)	
tRNA(Met)	
tRNA(Phe)	
tRNA(Pro)	
tRNA(Ser)	
tRNA(Thr)	
tRNA(Trp)	
tRNA(Tyr)	
tRNA(Val)	
tert-butoxymethanol	CC(C)(C)OCO
tert-butylalcohol	CC(C)(C)O
tert-butylformate	
tetradecanoate (n-C14:0)	
tetradecenoate (n-C14:1)	
tetraphenylphosphonium	C1=CC=C(C=C1)[P+](C2=CC=CC=C2)(C3=CC=CC=C3)C4=CC=CC=C4
three disacharide linked murein units (pentapeptide crosslinked tetrapeptide (A2pm->D-ala) tetrapeptide corsslinked tetrapeptide (A2pm->D-ala)) (middle of chain)	CC1C(=O)NC(C(=O)NC2CCCC(NC(=O)C(NC(=O)C(NC(=O)C(NC(=O)C(NC(=O)C(OC3C(C(OC(C3OC4C(C(C(C(O4)CO)O)O)NC(=O)C)CO)OC5C(OC(C(C5O)NC(=O)C)OC6C(OC(C(C6OC(C(=O)N1)C)NC(=O)C)OC7C(OC(C(C7O)NC(=O)C)OC8C(OC=C(C8OC(C(=O)NC(C(=O)NC(C(=O)NC(CCCC(NC(=O)C(NC2=O)C)C(=O)O)C(=O)NC(C)C(=O)NC(C)C(=O)O)CCC(=O)O)C)C)NC(=O)C)CO)CO)CO)CO)NC(=O)C)C)C)CCC(=O)O)CCCC(C(=O)O)N)C)C(=O)O)CCC(=O)O
three disacharide linked murein units (tetrapeptide crosslinked tetrapeptide (A2pm->D-ala) & tetrapeptide corsslinked tetrapeptide (A2pm->D-ala)) (middle of chain)	
three disacharide linked murein units (tetrapeptide crosslinked tetrapeptide (A2pm->D-ala), one uncrosslinked tetrapaptide) (middle of chain)	CC1C(=O)NC(C(=O)NC(C(=O)NC(C(=O)NC(CCCC(NC(=O)C(NC(=O)C(NC(=O)C(OC2C(C(OC=C2NC(=O)C)CO)OC3C(C(C(C(O3)CO)OC4C(C(C(C(O4)CO)OC5C(C(C(C(O5)CO)OC6C(C(C(C(O6)CO)OC7C(C(C(C(O7)CO)O)O)NC(=O)C)OC(C)C(=O)NC(C)C(=O)NC(CCC(=O)[O-])C(=O)NC(CCCC(C(=O)[O-])[NH3+])C(=O)NC(C)C(=O)[O-])NC(=O)C)O)NC(=O)C)OC(C(=O)N1)C)NC(=O)C)O)NC(=O)C)C)C)CCC(=O)[O-])C(=O)NC(C)C(=O)[O-])C(=O)[O-])C)CCCC(C(=O)[O-])[NH3+])CCC(=O)[O-]
three linked disacharide pentapeptide murein units (uncrosslinked, middle of chain)	
trans,octacis-decaprenylphospho-beta-D-arabinofuranose	CC(=CCCC(=CCCC(=CCCC(=CCCC(=CCCC(=CCCC(=CCCC(=CCCC(=CCCC(=CCOP(=O)(O)OC1C(C(C(O1)CO)O)O)C)C)C)C)C)C)C)C)C)C
trans,octacis-decaprenylphospho-beta-D-erythro-pentofuranosid-2-ulose	CC(=CCCC(=CCCC(=CCCC(=CCCC(=CCCC(=CCCC(=CCCC(=CCCC(=CCCC(=CCOP(=O)(O)OC1C(=O)C(C(O1)CO)O)C)C)C)C)C)C)C)C)C)C
trans,octacis-decaprenylphospho-beta-D-ribofuranose	CC(=CCCC(=CCCC(=CCCC(=CCCC(=CCCC(=CCCC(=CCCC(=CCCC(=CCCC(=CCOP(=O)(O)OC1C(C(C(O1)CO)O)O)C)C)C)C)C)C)C)C)C)C
trans-2,3-epoxyhexanoyl-CoA	
trans-2-Methylbut-2-enoyl-CoA	CC=C(C)C(=O)SCCNC(=O)CCNC(=O)C(C(C)(C)COP(=O)(O)OP(=O)(O)OCC1C(C(C(O1)N2C=NC3=C(N=CN=C32)N)O)OP(=O)(O)O)O
trans-3-cis-11-vacceoyl-[acyl-carrier protein]	
trans-3-cis-5-dodecenoyl-[acyl-carrier protein]	
trans-3-cis-7-myristoleoyl-[acyl-carrier protein]	
trans-3-cis-9-palmitoleoyl-[acyl-carrier protein]	
trans-4-Hydroxy-L-proline	C1C(CNC1C(=O)O)O
trans-Aconitate	C(C(=CC(=O)O)C(=O)O)C(=O)O
trans-Dec-2-enoyl-CoA	CCCCCCCC=CC(=O)SCCNC(=O)CCNC(=O)C(C(C)(C)COP(=O)(O)OP(=O)(O)OCC1C(C(C(O1)N2C=NC3=C(N=CN=C32)N)O)OP(=O)(O)O)O
trans-Dec-2-enoyl-[acyl-carrier protein]	
trans-Dodec-2-enoyl-CoA	CCCCCCCCCC=CC(=O)SCCNC(=O)CCNC(=O)C(C(C)(C)COP(=O)(O)OP(=O)(O)OCC1C(C(C(O1)N2C=NC3=C(N=CN=C32)N)O)OP(=O)(O)O)O
trans-Dodec-2-enoyl-[acyl-carrier protein]	
trans-Hex-2-enoyl-CoA	CCCC=CC(=O)SCCNC(=O)CCNC(=O)C(C(C)(C)COP(=O)(O)OP(=O)(O)OCC1C(C(C(O1)N2C=NC3=C(N=CN=C32)N)O)OP(=O)(O)O)O
trans-Hex-2-enoyl-[acyl-carrier protein]	
trans-Hexadec-2-enoyl-CoA	CCCCCCCCCCCCCC=CC(=O)SCCNC(=O)CCNC(=O)C(C(C)(C)COP(=O)(O)OP(=O)(O)OCC1C(C(C(O1)N2C=NC3=C(N=CN=C32)N)O)OP(=O)(O)O)O
trans-Hexadec-2-enoyl-[acyl-carrier protein]	
trans-Oct-2-enoyl-CoA	CCCCCC=CC(=O)SCCNC(=O)CCNC(=O)C(C(C)(C)COP(=O)(O)OP(=O)(O)OCC1C(C(C(O1)N2C=NC3=C(N=CN=C32)N)O)OP(=O)(O)O)O
trans-Oct-2-enoyl-[acyl-carrier protein]	
trans-Octadec-2-enoyl-CoA	CCCCCCCCCCCCCCCC=CC(=O)SCCNC(=O)CCNC(=O)C(C(C)(C)COP(=O)(O)OP(=O)(O)OCC1C(C(C(O1)N2C=NC3=C(N=CN=C32)N)O)OP(=O)(O)O)O
trans-Tetradec-2-enoyl-CoA	CCCCCCCCCCCC=CC(=O)SCCNC(=O)CCNC(=O)C(C(C)(C)COP(=O)(O)OP(=O)(O)OCC1C(C(C(O1)N2C=NC3=C(N=CN=C32)N)O)OP(=O)(O)O)O
trans-Tetradec-2-enoyl-[acyl-carrier protein]	
trans-ante-isohep-2-enoyl-[acyl-carrier protein]	
trans-ante-isoheptadec-2-enoyl-[acyl-carrier protein]	
trans-ante-isonon-2-enoyl-[acyl-carrier protein]	
trans-ante-isopentadec-2-enoyl-[acyl-carrier protein]	
trans-ante-isotridec-2-enoyl-[acyl-carrier protein]	
trans-ante-isoundec-2-enoyl-[acyl-carrier protein]	
trans-cinnamate	C1=CC=C(C=C1)C=CC(=O)O
trans-hep-2-enoyl-[acyl-carrier protein]	
trans-heptadec-2-enoyl-[acyl-carrier protein]	
trans-isodec-2-enoyl-[acyl-carrier protein]	
trans-isododec-2-enoyl-[acyl-carrier protein]	
trans-isoetradec-2-enoyl-[acyl-carrier protein]	
trans-isohep-2-enoyl-[acyl-carrier protein]	
trans-isoheptadec-2-enoyl-[acyl-carrier protein]	
trans-isohex-2-enoyl-[acyl-carrier protein]	
trans-isohexadec-2-enoyl-[acyl-carrier protein]	
trans-isonon-2-enoyl-[acyl-carrier protein]	
trans-isooct-2-enoyl-[acyl-carrier protein]	
trans-isooctadec-2-enoyl-[acyl-carrier protein]	
trans-isopentadec-2-enoyl-[acyl-carrier protein]	
trans-isotridec-2-enoyl-[acyl-carrier protein]	
trans-isoundec-2-enoyl-[acyl-carrier protein]	
trans-non-2-enoyl-[acyl-carrier protein]	
trans-octadec-2-enoyl-[acyl-carrier protein]	
trans-pent-2-enoyl-[acyl-carrier protein]	
trans-pentadec-2-enoyl-[acyl-carrier protein]	
trans-tridec-2-enoyl-[acyl-carrier protein]	
trans-undec-2-enoyl-[acyl-carrier protein]	
trimethylamine	CN(C)C
trimethylamineN-oxide	
tungsten binding cofactor	
tungsten bispterin cofactor	
tungsten bispterin cofactor guanine dinucleotide	
tungsten bispterin cofactor mono-guanine dinucleotide	
two disacharide linked murein units, pentapeptide corsslinked tripeptide (A2pm->A2pm) (middle of chain)	
two disacharide linked murein units, pentapeptide crosslinked tetrapeptide (A2pm->D-ala) (middle of chain)	CC1C(=O)NC(C(=O)NC(C(=O)NC(C(=O)NC(CCCC(NC(=O)C(NC(=O)C(NC(=O)C(OC2C(C(OC=C2NC(=O)C)CO)OC3C(C(C(C(O3)CO)OC4C(C(C(C(O4)CO)OC5C(C(C(C(O5)CO)O)O)NC(=O)C)OC(C(=O)N1)C)NC(=O)C)O)NC(=O)C)C)C)CCC(=O)O)C(=O)NC(C)C(=O)NC(C)C(=O)O)C(=O)O)C)CCCC(C(=O)O)N)CCC(=O)O
two disacharide linked murein units, tetrapeptide corsslinked tetrapeptide (A2pm->D-ala) (middle of chain)	
two disacharide linked murein units, tripeptide crosslinked tetrapeptide (A2pm->D-ala) (middle of chain)	CC1C(=O)NC(C(=O)NC(C(=O)NC(C(=O)NC(CCCC(NC(=O)C(NC(=O)C(NC(=O)C(OC2C(C(OC=C2NC(=O)C)CO)OC3C(C(C(C(O3)CO)OC4C(C(C(C(O4)CO)OC5C(C(C(C(O5)CO)O)O)NC(=O)C)OC(C(=O)N1)C)NC(=O)C)O)NC(=O)C)C)C)CCC(=O)[O-])C(=O)O)C(=O)[O-])C)CCCC(C(=O)[O-])N)CCC(=O)[O-]
two linked disacharide pentapeptide and tetrapeptide murein units (uncrosslinked, middle of chain)	
two linked disacharide pentapeptide and tripeptide murein units (uncrosslinked, middle of chain)	
two linked disacharide pentapeptide murein units (uncrosslinked, middle of chain)	
two linked disacharide tetrapeptide and tripeptide murein units (uncrosslinked, middle of chain)	
two linked disacharide tetrapeptide murein units (uncrosslinked, middle of chain)	
ubiquinol-8	CC1=C(C(=C(C(=C1O)OC)OC)O)CC=C(C)CCC=C(C)CCC=C(C)CCC=C(C)CCC=C(C)CCC=C(C)CCC=C(C)CCC=C(C)C
urea-1-carboxylate	C(=O)(N)NC(=O)[O-]
vanillin	COC1=C(C=CC(=C1)C=O)O
xylobiose	C1C(C(C(C(O1)OC2COC(C(C2O)O)O)O)O)O
